Sport,Match Date,Home Team,Away Team,Home Score,Away Score,Status,Game ID,Home Team Odds,Away Team Odds,Bookmaker,Compiled_At,Winner
ATP Australian Open,2025-01-16 21:00:00,Roberto Carballes Baena,Tommy Paul,,,,,6.4,1.125,FanDuel,2025-01-16 18:04:10,
ATP Australian Open,2025-01-16 21:00:00,Roberto Carballes Baena,Tommy Paul,,,,,6.0,1.133,DraftKings,2025-01-16 18:04:10,
ATP Australian Open,2025-01-16 21:00:00,Roberto Carballes Baena,Tommy Paul,,,,,5.75,1.143,Bovada,2025-01-16 18:04:10,
ATP Australian Open,2025-01-16 21:00:00,Roberto Carballes Baena,Tommy Paul,,,,,5.5,1.143,BetMGM,2025-01-16 18:04:10,
ATP Australian Open,2025-01-16 21:00:00,Roberto Carballes Baena,Tommy Paul,,,,,6.0,1.154,LowVig.ag,2025-01-16 18:04:10,
ATP Australian Open,2025-01-16 21:00:00,Roberto Carballes Baena,Tommy Paul,,,,,6.0,1.154,BetOnline.ag,2025-01-16 18:04:10,
ATP Australian Open,2025-01-16 21:00:00,Roberto Carballes Baena,Tommy Paul,,,,,6.1,1.14,BetRivers,2025-01-16 18:04:10,
ATP Australian Open,2025-01-16 21:00:00,Roberto Carballes Baena,Tommy Paul,,,,,5.5,1.143,Caesars,2025-01-16 18:04:10,
ATP Australian Open,2025-01-16 21:00:00,Roberto Carballes Baena,Tommy Paul,,,,,5.5,1.143,BetUS,2025-01-16 18:04:10,
ATP Australian Open,2025-01-16 21:30:00,Jacob Fearnley,Alexander Zverev,,,,,9.6,1.062,FanDuel,2025-01-16 18:04:10,
ATP Australian Open,2025-01-16 21:30:00,Jacob Fearnley,Alexander Zverev,,,,,9.5,1.071,DraftKings,2025-01-16 18:04:10,
ATP Australian Open,2025-01-16 21:30:00,Jacob Fearnley,Alexander Zverev,,,,,9.5,1.062,Bovada,2025-01-16 18:04:10,
ATP Australian Open,2025-01-16 21:30:00,Jacob Fearnley,Alexander Zverev,,,,,7.75,1.071,BetMGM,2025-01-16 18:04:10,
ATP Australian Open,2025-01-16 21:30:00,Jacob Fearnley,Alexander Zverev,,,,,8.5,1.091,BetOnline.ag,2025-01-16 18:04:10,
ATP Australian Open,2025-01-16 21:30:00,Jacob Fearnley,Alexander Zverev,,,,,8.5,1.091,LowVig.ag,2025-01-16 18:04:10,
ATP Australian Open,2025-01-16 21:30:00,Jacob Fearnley,Alexander Zverev,,,,,9.5,1.07,BetRivers,2025-01-16 18:04:10,
ATP Australian Open,2025-01-16 21:30:00,Jacob Fearnley,Alexander Zverev,,,,,8.0,1.071,Caesars,2025-01-16 18:04:10,
ATP Australian Open,2025-01-16 21:30:00,Jacob Fearnley,Alexander Zverev,,,,,8.0,1.071,BetUS,2025-01-16 18:04:10,
ATP Australian Open,2025-01-16 22:00:00,Jakub Mensik,Alejandro Davidovich Fokina,,,,,1.465,2.6,DraftKings,2025-01-16 18:04:10,
ATP Australian Open,2025-01-16 22:00:00,Jakub Mensik,Alejandro Davidovich Fokina,,,,,1.476,2.72,FanDuel,2025-01-16 18:04:10,
ATP Australian Open,2025-01-16 22:00:00,Jakub Mensik,Alejandro Davidovich Fokina,,,,,1.476,2.7,Bovada,2025-01-16 18:04:10,
ATP Australian Open,2025-01-16 22:00:00,Jakub Mensik,Alejandro Davidovich Fokina,,,,,1.513,2.7,LowVig.ag,2025-01-16 18:04:10,
ATP Australian Open,2025-01-16 22:00:00,Jakub Mensik,Alejandro Davidovich Fokina,,,,,1.513,2.7,BetOnline.ag,2025-01-16 18:04:10,
ATP Australian Open,2025-01-16 22:00:00,Jakub Mensik,Alejandro Davidovich Fokina,,,,,1.476,2.6,BetMGM,2025-01-16 18:04:10,
ATP Australian Open,2025-01-16 22:00:00,Jakub Mensik,Alejandro Davidovich Fokina,,,,,1.476,2.65,BetRivers,2025-01-16 18:04:10,
ATP Australian Open,2025-01-16 22:00:00,Jakub Mensik,Alejandro Davidovich Fokina,,,,,1.444,2.75,Caesars,2025-01-16 18:04:10,
ATP Australian Open,2025-01-16 22:00:00,Jakub Mensik,Alejandro Davidovich Fokina,,,,,1.476,2.7,BetUS,2025-01-16 18:04:10,
ATP Australian Open,2025-01-16 22:00:00,Nuno Borges,Carlos Alcaraz,,,,,18.0,1.029,DraftKings,2025-01-16 18:04:10,
ATP Australian Open,2025-01-16 22:00:00,Nuno Borges,Carlos Alcaraz,,,,,15.0,1.025,FanDuel,2025-01-16 18:04:10,
ATP Australian Open,2025-01-16 22:00:00,Nuno Borges,Carlos Alcaraz,,,,,12.0,1.02,BetMGM,2025-01-16 18:04:10,
ATP Australian Open,2025-01-16 22:00:00,Nuno Borges,Carlos Alcaraz,,,,,17.0,1.015,Caesars,2025-01-16 18:04:10,
ATP Australian Open,2025-01-16 22:00:00,Nuno Borges,Carlos Alcaraz,,,,,18.0,1.01,Bovada,2025-01-16 18:04:10,
ATP Australian Open,2025-01-16 22:00:00,Nuno Borges,Carlos Alcaraz,,,,,16.0,1.03,BetOnline.ag,2025-01-16 18:04:10,
ATP Australian Open,2025-01-16 22:00:00,Nuno Borges,Carlos Alcaraz,,,,,16.0,1.03,LowVig.ag,2025-01-16 18:04:10,
ATP Australian Open,2025-01-16 22:00:00,Nuno Borges,Carlos Alcaraz,,,,,15.0,1.03,BetRivers,2025-01-16 18:04:10,
NBA,2025-01-16 19:10:00,Detroit Pistons,Indiana Pacers,,,,,1.98,1.847,DraftKings,2025-01-16 18:04:10,
NBA,2025-01-16 19:10:00,Detroit Pistons,Indiana Pacers,,,,,1.98,1.847,FanDuel,2025-01-16 18:04:10,
NBA,2025-01-16 19:10:00,Detroit Pistons,Indiana Pacers,,,,,2.05,1.8,Caesars,2025-01-16 18:04:10,
NBA,2025-01-16 19:10:00,Detroit Pistons,Indiana Pacers,,,,,2.0,1.833,LowVig.ag,2025-01-16 18:04:10,
NBA,2025-01-16 19:10:00,Detroit Pistons,Indiana Pacers,,,,,2.0,1.833,BetOnline.ag,2025-01-16 18:04:10,
NBA,2025-01-16 19:10:00,Detroit Pistons,Indiana Pacers,,,,,2.0,1.833,BetMGM,2025-01-16 18:04:10,
NBA,2025-01-16 19:10:00,Detroit Pistons,Indiana Pacers,,,,,1.952,1.87,Bovada,2025-01-16 18:04:10,
NBA,2025-01-16 19:10:00,Detroit Pistons,Indiana Pacers,,,,,1.952,1.885,BetRivers,2025-01-16 18:04:10,
NBA,2025-01-16 19:10:00,Detroit Pistons,Indiana Pacers,,,,,2.0,1.833,BetUS,2025-01-16 18:04:10,
NBA,2025-01-16 19:10:00,Washington Wizards,Phoenix Suns,,,,,6.0,1.154,BetOnline.ag,2025-01-16 18:04:10,
NBA,2025-01-16 19:10:00,Washington Wizards,Phoenix Suns,,,,,6.0,1.154,LowVig.ag,2025-01-16 18:04:10,
NBA,2025-01-16 19:10:00,Washington Wizards,Phoenix Suns,,,,,5.7,1.154,DraftKings,2025-01-16 18:04:10,
NBA,2025-01-16 19:10:00,Washington Wizards,Phoenix Suns,,,,,5.6,1.154,Caesars,2025-01-16 18:04:10,
NBA,2025-01-16 19:10:00,Washington Wizards,Phoenix Suns,,,,,5.75,1.154,BetMGM,2025-01-16 18:04:10,
NBA,2025-01-16 19:10:00,Washington Wizards,Phoenix Suns,,,,,6.0,1.143,FanDuel,2025-01-16 18:04:10,
NBA,2025-01-16 19:10:00,Washington Wizards,Phoenix Suns,,,,,5.75,1.154,BetUS,2025-01-16 18:04:10,
NBA,2025-01-16 19:10:00,Washington Wizards,Phoenix Suns,,,,,6.0,1.133,Bovada,2025-01-16 18:04:10,
NBA,2025-01-16 19:10:00,Washington Wizards,Phoenix Suns,,,,,5.6,1.16,BetRivers,2025-01-16 18:04:10,
NBA,2025-01-16 19:30:00,Oklahoma City Thunder,Cleveland Cavaliers,,,,,1.714,2.2,BetOnline.ag,2025-01-16 18:04:10,
NBA,2025-01-16 19:30:00,Oklahoma City Thunder,Cleveland Cavaliers,,,,,1.714,2.2,LowVig.ag,2025-01-16 18:04:10,
NBA,2025-01-16 19:30:00,Oklahoma City Thunder,Cleveland Cavaliers,,,,,1.714,2.18,Caesars,2025-01-16 18:04:10,
NBA,2025-01-16 19:30:00,Oklahoma City Thunder,Cleveland Cavaliers,,,,,1.735,2.18,FanDuel,2025-01-16 18:04:10,
NBA,2025-01-16 19:30:00,Oklahoma City Thunder,Cleveland Cavaliers,,,,,1.741,2.14,DraftKings,2025-01-16 18:04:10,
NBA,2025-01-16 19:30:00,Oklahoma City Thunder,Cleveland Cavaliers,,,,,1.714,2.15,BetMGM,2025-01-16 18:04:10,
NBA,2025-01-16 19:30:00,Oklahoma City Thunder,Cleveland Cavaliers,,,,,1.82,2.04,BetRivers,2025-01-16 18:04:10,
NBA,2025-01-16 19:30:00,Oklahoma City Thunder,Cleveland Cavaliers,,,,,1.741,2.15,BetUS,2025-01-16 18:04:10,
NBA,2025-01-16 19:30:00,Oklahoma City Thunder,Cleveland Cavaliers,,,,,1.769,2.1,Bovada,2025-01-16 18:04:10,
NBA,2025-01-16 22:00:00,Sacramento Kings,Houston Rockets,,,,,1.599,2.47,BetOnline.ag,2025-01-16 18:04:10,
NBA,2025-01-16 22:00:00,Sacramento Kings,Houston Rockets,,,,,1.599,2.47,LowVig.ag,2025-01-16 18:04:10,
NBA,2025-01-16 22:00:00,Sacramento Kings,Houston Rockets,,,,,1.588,2.42,DraftKings,2025-01-16 18:04:10,
NBA,2025-01-16 22:00:00,Sacramento Kings,Houston Rockets,,,,,1.562,2.5,Caesars,2025-01-16 18:04:10,
NBA,2025-01-16 22:00:00,Sacramento Kings,Houston Rockets,,,,,1.571,2.45,BetMGM,2025-01-16 18:04:10,
NBA,2025-01-16 22:00:00,Sacramento Kings,Houston Rockets,,,,,1.581,2.44,FanDuel,2025-01-16 18:04:10,
NBA,2025-01-16 22:00:00,Sacramento Kings,Houston Rockets,,,,,1.538,2.55,BetRivers,2025-01-16 18:04:10,
NBA,2025-01-16 22:00:00,Sacramento Kings,Houston Rockets,,,,,1.556,2.55,Bovada,2025-01-16 18:04:10,
NBA,2025-01-16 22:00:00,Sacramento Kings,Houston Rockets,,,,,1.578,2.49,BetUS,2025-01-16 18:04:10,
NBA,2025-01-16 22:10:00,Portland Trail Blazers,Los Angeles Clippers,,,,,3.25,1.36,DraftKings,2025-01-16 18:04:10,
NBA,2025-01-16 22:10:00,Portland Trail Blazers,Los Angeles Clippers,,,,,3.25,1.364,FanDuel,2025-01-16 18:04:10,
NBA,2025-01-16 22:10:00,Portland Trail Blazers,Los Angeles Clippers,,,,,3.35,1.342,Caesars,2025-01-16 18:04:10,
NBA,2025-01-16 22:10:00,Portland Trail Blazers,Los Angeles Clippers,,,,,3.3,1.364,LowVig.ag,2025-01-16 18:04:10,
NBA,2025-01-16 22:10:00,Portland Trail Blazers,Los Angeles Clippers,,,,,3.3,1.364,BetOnline.ag,2025-01-16 18:04:10,
NBA,2025-01-16 22:10:00,Portland Trail Blazers,Los Angeles Clippers,,,,,3.25,1.364,BetMGM,2025-01-16 18:04:10,
NBA,2025-01-16 22:10:00,Portland Trail Blazers,Los Angeles Clippers,,,,,3.15,1.377,BetRivers,2025-01-16 18:04:10,
NBA,2025-01-16 22:10:00,Portland Trail Blazers,Los Angeles Clippers,,,,,3.25,1.364,Bovada,2025-01-16 18:04:10,
NBA,2025-01-16 22:10:00,Portland Trail Blazers,Los Angeles Clippers,,,,,3.3,1.364,BetUS,2025-01-16 18:04:10,
NCAAB,2025-01-16 18:00:00,UMBC Retrievers,New Hampshire Wildcats,,,,,1.071,7.8,FanDuel,2025-01-16 18:04:10,
NCAAB,2025-01-16 18:00:00,UMBC Retrievers,New Hampshire Wildcats,,,,,1.095,7.0,DraftKings,2025-01-16 18:04:10,
NCAAB,2025-01-16 18:00:00,UMBC Retrievers,New Hampshire Wildcats,,,,,1.077,7.5,MyBookie.ag,2025-01-16 18:04:10,
NCAAB,2025-01-16 18:00:00,UMBC Retrievers,New Hampshire Wildcats,,,,,1.111,7.0,Caesars,2025-01-16 18:04:10,
NCAAB,2025-01-16 18:00:00,UMBC Retrievers,New Hampshire Wildcats,,,,,1.04,7.5,BetRivers,2025-01-16 18:04:10,
NCAAB,2025-01-16 18:00:00,UMBC Retrievers,New Hampshire Wildcats,,,,,1.071,8.5,Bovada,2025-01-16 18:04:10,
NCAAB,2025-01-16 18:30:00,Albany Great Danes,Bryant Bulldogs,,,,,2.38,1.602,FanDuel,2025-01-16 18:04:10,
NCAAB,2025-01-16 18:30:00,Albany Great Danes,Bryant Bulldogs,,,,,2.36,1.617,DraftKings,2025-01-16 18:04:10,
NCAAB,2025-01-16 18:30:00,Albany Great Danes,Bryant Bulldogs,,,,,2.25,1.645,BetMGM,2025-01-16 18:04:10,
NCAAB,2025-01-16 18:30:00,Albany Great Danes,Bryant Bulldogs,,,,,2.3,1.645,Caesars,2025-01-16 18:04:10,
NCAAB,2025-01-16 18:30:00,Albany Great Danes,Bryant Bulldogs,,,,,2.33,1.617,BetRivers,2025-01-16 18:04:10,
NCAAB,2025-01-16 18:30:00,Albany Great Danes,Bryant Bulldogs,,,,,2.3,1.667,Bovada,2025-01-16 18:04:10,
NCAAB,2025-01-16 18:30:00,Bellarmine Knights,Lipscomb Bisons,,,,,10.5,1.061,DraftKings,2025-01-16 18:04:10,
NCAAB,2025-01-16 18:30:00,Bellarmine Knights,Lipscomb Bisons,,,,,9.5,1.05,MyBookie.ag,2025-01-16 18:04:10,
NCAAB,2025-01-16 18:30:00,Bellarmine Knights,Lipscomb Bisons,,,,,9.0,1.071,BetMGM,2025-01-16 18:04:10,
NCAAB,2025-01-16 18:30:00,Bellarmine Knights,Lipscomb Bisons,,,,,10.0,1.062,Caesars,2025-01-16 18:04:10,
NCAAB,2025-01-16 18:30:00,Bellarmine Knights,Lipscomb Bisons,,,,,11.4,1.04,FanDuel,2025-01-16 18:04:10,
NCAAB,2025-01-16 18:30:00,Bellarmine Knights,Lipscomb Bisons,,,,,9.0,1.07,BetRivers,2025-01-16 18:04:10,
NCAAB,2025-01-16 18:30:00,Bellarmine Knights,Lipscomb Bisons,,,,,9.5,1.056,Bovada,2025-01-16 18:04:10,
NCAAB,2025-01-16 18:30:00,Delaware Blue Hens,Stony Brook Seawolves,,,,,1.16,5.85,BetOnline.ag,2025-01-16 18:04:10,
NCAAB,2025-01-16 18:30:00,Delaware Blue Hens,Stony Brook Seawolves,,,,,1.16,5.85,LowVig.ag,2025-01-16 18:04:10,
NCAAB,2025-01-16 18:30:00,Delaware Blue Hens,Stony Brook Seawolves,,,,,1.16,5.55,DraftKings,2025-01-16 18:04:10,
NCAAB,2025-01-16 18:30:00,Delaware Blue Hens,Stony Brook Seawolves,,,,,1.15,5.51,MyBookie.ag,2025-01-16 18:04:10,
NCAAB,2025-01-16 18:30:00,Delaware Blue Hens,Stony Brook Seawolves,,,,,1.154,5.5,BetMGM,2025-01-16 18:04:10,
NCAAB,2025-01-16 18:30:00,Delaware Blue Hens,Stony Brook Seawolves,,,,,1.16,5.65,BetUS,2025-01-16 18:04:10,
NCAAB,2025-01-16 18:30:00,Delaware Blue Hens,Stony Brook Seawolves,,,,,1.125,6.2,FanDuel,2025-01-16 18:04:10,
NCAAB,2025-01-16 18:30:00,Delaware Blue Hens,Stony Brook Seawolves,,,,,1.154,5.6,Caesars,2025-01-16 18:04:10,
NCAAB,2025-01-16 18:30:00,Delaware Blue Hens,Stony Brook Seawolves,,,,,1.189,4.9,BetRivers,2025-01-16 18:04:10,
NCAAB,2025-01-16 18:30:00,Delaware Blue Hens,Stony Brook Seawolves,,,,,1.16,5.3,Bovada,2025-01-16 18:04:10,
NCAAB,2025-01-16 18:30:00,Florida Gulf Coast Eagles,West Georgia Wolves,,,,,1.074,9.0,DraftKings,2025-01-16 18:04:10,
NCAAB,2025-01-16 18:30:00,Florida Gulf Coast Eagles,West Georgia Wolves,,,,,1.091,7.5,BetMGM,2025-01-16 18:04:10,
NCAAB,2025-01-16 18:30:00,Florida Gulf Coast Eagles,West Georgia Wolves,,,,,1.071,9.0,Caesars,2025-01-16 18:04:10,
NCAAB,2025-01-16 18:30:00,Florida Gulf Coast Eagles,West Georgia Wolves,,,,,1.067,8.0,MyBookie.ag,2025-01-16 18:04:10,
NCAAB,2025-01-16 18:30:00,Florida Gulf Coast Eagles,West Georgia Wolves,,,,,1.056,9.8,FanDuel,2025-01-16 18:04:10,
NCAAB,2025-01-16 18:30:00,Florida Gulf Coast Eagles,West Georgia Wolves,,,,,1.11,6.75,BetRivers,2025-01-16 18:04:10,
NCAAB,2025-01-16 19:00:00,Campbell Fighting Camels,Charleston Cougars,,,,,2.67,1.521,BetOnline.ag,2025-01-16 18:04:10,
NCAAB,2025-01-16 19:00:00,Campbell Fighting Camels,Charleston Cougars,,,,,2.67,1.521,LowVig.ag,2025-01-16 18:04:10,
NCAAB,2025-01-16 19:00:00,Campbell Fighting Camels,Charleston Cougars,,,,,2.5,1.549,FanDuel,2025-01-16 18:04:10,
NCAAB,2025-01-16 19:00:00,Campbell Fighting Camels,Charleston Cougars,,,,,2.5,1.541,MyBookie.ag,2025-01-16 18:04:10,
NCAAB,2025-01-16 19:00:00,Campbell Fighting Camels,Charleston Cougars,,,,,2.6,1.521,DraftKings,2025-01-16 18:04:10,
NCAAB,2025-01-16 19:00:00,Campbell Fighting Camels,Charleston Cougars,,,,,2.55,1.526,BetMGM,2025-01-16 18:04:10,
NCAAB,2025-01-16 19:00:00,Campbell Fighting Camels,Charleston Cougars,,,,,2.67,1.513,BetUS,2025-01-16 18:04:10,
NCAAB,2025-01-16 19:00:00,Campbell Fighting Camels,Charleston Cougars,,,,,2.52,1.556,Caesars,2025-01-16 18:04:10,
NCAAB,2025-01-16 19:00:00,Campbell Fighting Camels,Charleston Cougars,,,,,2.6,1.5,BetRivers,2025-01-16 18:04:10,
NCAAB,2025-01-16 19:00:00,Campbell Fighting Camels,Charleston Cougars,,,,,2.55,1.556,Bovada,2025-01-16 18:04:10,
NCAAB,2025-01-16 19:00:00,Coastal Carolina Chanticleers,Georgia Southern Eagles,,,,,1.806,2.04,BetOnline.ag,2025-01-16 18:04:10,
NCAAB,2025-01-16 19:00:00,Coastal Carolina Chanticleers,Georgia Southern Eagles,,,,,1.806,2.04,LowVig.ag,2025-01-16 18:04:10,
NCAAB,2025-01-16 19:00:00,Coastal Carolina Chanticleers,Georgia Southern Eagles,,,,,1.8,2.05,DraftKings,2025-01-16 18:04:10,
NCAAB,2025-01-16 19:00:00,Coastal Carolina Chanticleers,Georgia Southern Eagles,,,,,1.8,2.05,BetMGM,2025-01-16 18:04:10,
NCAAB,2025-01-16 19:00:00,Coastal Carolina Chanticleers,Georgia Southern Eagles,,,,,1.781,2.05,MyBookie.ag,2025-01-16 18:04:10,
NCAAB,2025-01-16 19:00:00,Coastal Carolina Chanticleers,Georgia Southern Eagles,,,,,1.8,2.05,BetUS,2025-01-16 18:04:10,
NCAAB,2025-01-16 19:00:00,Coastal Carolina Chanticleers,Georgia Southern Eagles,,,,,1.769,2.06,FanDuel,2025-01-16 18:04:10,
NCAAB,2025-01-16 19:00:00,Coastal Carolina Chanticleers,Georgia Southern Eagles,,,,,1.741,2.15,Caesars,2025-01-16 18:04:10,
NCAAB,2025-01-16 19:00:00,Coastal Carolina Chanticleers,Georgia Southern Eagles,,,,,1.787,2.04,BetRivers,2025-01-16 18:04:10,
NCAAB,2025-01-16 19:00:00,Coastal Carolina Chanticleers,Georgia Southern Eagles,,,,,1.833,2.0,Bovada,2025-01-16 18:04:10,
NCAAB,2025-01-16 19:00:00,Drexel Dragons,Elon Phoenix,,,,,1.813,2.03,BetOnline.ag,2025-01-16 18:04:10,
NCAAB,2025-01-16 19:00:00,Drexel Dragons,Elon Phoenix,,,,,1.813,2.03,LowVig.ag,2025-01-16 18:04:10,
NCAAB,2025-01-16 19:00:00,Drexel Dragons,Elon Phoenix,,,,,1.758,2.1,FanDuel,2025-01-16 18:04:10,
NCAAB,2025-01-16 19:00:00,Drexel Dragons,Elon Phoenix,,,,,1.8,2.02,MyBookie.ag,2025-01-16 18:04:10,
NCAAB,2025-01-16 19:00:00,Drexel Dragons,Elon Phoenix,,,,,1.8,2.05,DraftKings,2025-01-16 18:04:10,
NCAAB,2025-01-16 19:00:00,Drexel Dragons,Elon Phoenix,,,,,1.8,2.05,BetMGM,2025-01-16 18:04:10,
NCAAB,2025-01-16 19:00:00,Drexel Dragons,Elon Phoenix,,,,,1.8,2.05,BetUS,2025-01-16 18:04:10,
NCAAB,2025-01-16 19:00:00,Drexel Dragons,Elon Phoenix,,,,,1.8,2.05,Caesars,2025-01-16 18:04:10,
NCAAB,2025-01-16 19:00:00,Drexel Dragons,Elon Phoenix,,,,,1.787,2.04,BetRivers,2025-01-16 18:04:10,
NCAAB,2025-01-16 19:00:00,Drexel Dragons,Elon Phoenix,,,,,1.8,2.05,Bovada,2025-01-16 18:04:10,
NCAAB,2025-01-16 19:00:00,Fairfield Stags,Niagara Purple Eagles,,,,,1.794,2.06,BetOnline.ag,2025-01-16 18:04:10,
NCAAB,2025-01-16 19:00:00,Fairfield Stags,Niagara Purple Eagles,,,,,1.794,2.06,LowVig.ag,2025-01-16 18:04:10,
NCAAB,2025-01-16 19:00:00,Fairfield Stags,Niagara Purple Eagles,,,,,1.769,2.1,DraftKings,2025-01-16 18:04:10,
NCAAB,2025-01-16 19:00:00,Fairfield Stags,Niagara Purple Eagles,,,,,1.719,2.14,MyBookie.ag,2025-01-16 18:04:10,
NCAAB,2025-01-16 19:00:00,Fairfield Stags,Niagara Purple Eagles,,,,,1.741,2.1,BetMGM,2025-01-16 18:04:10,
NCAAB,2025-01-16 19:00:00,Fairfield Stags,Niagara Purple Eagles,,,,,1.69,2.25,BetUS,2025-01-16 18:04:10,
NCAAB,2025-01-16 19:00:00,Fairfield Stags,Niagara Purple Eagles,,,,,1.714,2.14,FanDuel,2025-01-16 18:04:10,
NCAAB,2025-01-16 19:00:00,Fairfield Stags,Niagara Purple Eagles,,,,,1.8,2.05,Caesars,2025-01-16 18:04:10,
NCAAB,2025-01-16 19:00:00,Fairfield Stags,Niagara Purple Eagles,,,,,1.769,2.07,BetRivers,2025-01-16 18:04:10,
NCAAB,2025-01-16 19:00:00,Fairfield Stags,Niagara Purple Eagles,,,,,1.741,2.15,Bovada,2025-01-16 18:04:10,
NCAAB,2025-01-16 19:00:00,Florida Int'l Golden Panthers,New Mexico St Aggies,,,,,2.45,1.606,BetOnline.ag,2025-01-16 18:04:10,
NCAAB,2025-01-16 19:00:00,Florida Int'l Golden Panthers,New Mexico St Aggies,,,,,2.45,1.606,LowVig.ag,2025-01-16 18:04:10,
NCAAB,2025-01-16 19:00:00,Florida Int'l Golden Panthers,New Mexico St Aggies,,,,,2.38,1.602,FanDuel,2025-01-16 18:04:10,
NCAAB,2025-01-16 19:00:00,Florida Int'l Golden Panthers,New Mexico St Aggies,,,,,2.38,1.592,MyBookie.ag,2025-01-16 18:04:10,
NCAAB,2025-01-16 19:00:00,Florida Int'l Golden Panthers,New Mexico St Aggies,,,,,2.4,1.602,DraftKings,2025-01-16 18:04:10,
NCAAB,2025-01-16 19:00:00,Florida Int'l Golden Panthers,New Mexico St Aggies,,,,,2.35,1.606,BetMGM,2025-01-16 18:04:10,
NCAAB,2025-01-16 19:00:00,Florida Int'l Golden Panthers,New Mexico St Aggies,,,,,2.38,1.625,BetUS,2025-01-16 18:04:10,
NCAAB,2025-01-16 19:00:00,Florida Int'l Golden Panthers,New Mexico St Aggies,,,,,2.3,1.645,Caesars,2025-01-16 18:04:10,
NCAAB,2025-01-16 19:00:00,Florida Int'l Golden Panthers,New Mexico St Aggies,,,,,2.45,1.565,BetRivers,2025-01-16 18:04:10,
NCAAB,2025-01-16 19:00:00,Florida Int'l Golden Panthers,New Mexico St Aggies,,,,,2.4,1.606,Bovada,2025-01-16 18:04:10,
NCAAB,2025-01-16 19:00:00,Hampton Pirates,William & Mary Tribe,,,,,2.42,1.617,BetOnline.ag,2025-01-16 18:04:10,
NCAAB,2025-01-16 19:00:00,Hampton Pirates,William & Mary Tribe,,,,,2.42,1.617,LowVig.ag,2025-01-16 18:04:10,
NCAAB,2025-01-16 19:00:00,Hampton Pirates,William & Mary Tribe,,,,,2.4,1.602,DraftKings,2025-01-16 18:04:10,
NCAAB,2025-01-16 19:00:00,Hampton Pirates,William & Mary Tribe,,,,,2.42,1.571,MyBookie.ag,2025-01-16 18:04:10,
NCAAB,2025-01-16 19:00:00,Hampton Pirates,William & Mary Tribe,,,,,2.4,1.606,BetMGM,2025-01-16 18:04:10,
NCAAB,2025-01-16 19:00:00,Hampton Pirates,William & Mary Tribe,,,,,2.46,1.588,BetUS,2025-01-16 18:04:10,
NCAAB,2025-01-16 19:00:00,Hampton Pirates,William & Mary Tribe,,,,,2.42,1.568,FanDuel,2025-01-16 18:04:10,
NCAAB,2025-01-16 19:00:00,Hampton Pirates,William & Mary Tribe,,,,,2.4,1.606,Caesars,2025-01-16 18:04:10,
NCAAB,2025-01-16 19:00:00,Hampton Pirates,William & Mary Tribe,,,,,2.38,1.599,BetRivers,2025-01-16 18:04:10,
NCAAB,2025-01-16 19:00:00,Hampton Pirates,William & Mary Tribe,,,,,2.45,1.588,Bovada,2025-01-16 18:04:10,
NCAAB,2025-01-16 19:00:00,Iona Gaels,Canisius Golden Griffins,,,,,1.133,6.5,BetOnline.ag,2025-01-16 18:04:10,
NCAAB,2025-01-16 19:00:00,Iona Gaels,Canisius Golden Griffins,,,,,1.133,6.5,LowVig.ag,2025-01-16 18:04:10,
NCAAB,2025-01-16 19:00:00,Iona Gaels,Canisius Golden Griffins,,,,,1.143,6.0,DraftKings,2025-01-16 18:04:10,
NCAAB,2025-01-16 19:00:00,Iona Gaels,Canisius Golden Griffins,,,,,1.12,6.23,MyBookie.ag,2025-01-16 18:04:10,
NCAAB,2025-01-16 19:00:00,Iona Gaels,Canisius Golden Griffins,,,,,1.133,6.25,BetMGM,2025-01-16 18:04:10,
NCAAB,2025-01-16 19:00:00,Iona Gaels,Canisius Golden Griffins,,,,,1.133,6.3,BetUS,2025-01-16 18:04:10,
NCAAB,2025-01-16 19:00:00,Iona Gaels,Canisius Golden Griffins,,,,,1.111,6.7,FanDuel,2025-01-16 18:04:10,
NCAAB,2025-01-16 19:00:00,Iona Gaels,Canisius Golden Griffins,,,,,1.154,5.6,Caesars,2025-01-16 18:04:10,
NCAAB,2025-01-16 19:00:00,Iona Gaels,Canisius Golden Griffins,,,,,1.149,5.6,BetRivers,2025-01-16 18:04:10,
NCAAB,2025-01-16 19:00:00,Iona Gaels,Canisius Golden Griffins,,,,,1.133,6.0,Bovada,2025-01-16 18:04:10,
NCAAB,2025-01-16 19:00:00,Jacksonville Dolphins,North Alabama Lions,,,,,1.952,1.87,DraftKings,2025-01-16 18:04:10,
NCAAB,2025-01-16 19:00:00,Jacksonville Dolphins,North Alabama Lions,,,,,1.952,1.87,BetMGM,2025-01-16 18:04:10,
NCAAB,2025-01-16 19:00:00,Jacksonville Dolphins,North Alabama Lions,,,,,1.952,1.87,Caesars,2025-01-16 18:04:10,
NCAAB,2025-01-16 19:00:00,Jacksonville Dolphins,North Alabama Lions,,,,,2.0,1.8,MyBookie.ag,2025-01-16 18:04:10,
NCAAB,2025-01-16 19:00:00,Jacksonville Dolphins,North Alabama Lions,,,,,2.02,1.806,FanDuel,2025-01-16 18:04:10,
NCAAB,2025-01-16 19:00:00,Jacksonville Dolphins,North Alabama Lions,,,,,1.971,1.847,BetRivers,2025-01-16 18:04:10,
NCAAB,2025-01-16 19:00:00,Jacksonville Dolphins,North Alabama Lions,,,,,2.0,1.833,Bovada,2025-01-16 18:04:10,
NCAAB,2025-01-16 19:00:00,Jacksonville St Gamecocks,Louisiana Tech Bulldogs,,,,,2.37,1.637,BetOnline.ag,2025-01-16 18:04:10,
NCAAB,2025-01-16 19:00:00,Jacksonville St Gamecocks,Louisiana Tech Bulldogs,,,,,2.37,1.637,LowVig.ag,2025-01-16 18:04:10,
NCAAB,2025-01-16 19:00:00,Jacksonville St Gamecocks,Louisiana Tech Bulldogs,,,,,2.3,1.641,FanDuel,2025-01-16 18:04:10,
NCAAB,2025-01-16 19:00:00,Jacksonville St Gamecocks,Louisiana Tech Bulldogs,,,,,2.36,1.617,DraftKings,2025-01-16 18:04:10,
NCAAB,2025-01-16 19:00:00,Jacksonville St Gamecocks,Louisiana Tech Bulldogs,,,,,2.35,1.625,BetMGM,2025-01-16 18:04:10,
NCAAB,2025-01-16 19:00:00,Jacksonville St Gamecocks,Louisiana Tech Bulldogs,,,,,2.34,1.645,BetUS,2025-01-16 18:04:10,
NCAAB,2025-01-16 19:00:00,Jacksonville St Gamecocks,Louisiana Tech Bulldogs,,,,,2.3,1.645,Caesars,2025-01-16 18:04:10,
NCAAB,2025-01-16 19:00:00,Jacksonville St Gamecocks,Louisiana Tech Bulldogs,,,,,2.36,1.599,MyBookie.ag,2025-01-16 18:04:10,
NCAAB,2025-01-16 19:00:00,Jacksonville St Gamecocks,Louisiana Tech Bulldogs,,,,,2.38,1.599,BetRivers,2025-01-16 18:04:10,
NCAAB,2025-01-16 19:00:00,Jacksonville St Gamecocks,Louisiana Tech Bulldogs,,,,,2.35,1.625,Bovada,2025-01-16 18:04:10,
NCAAB,2025-01-16 19:00:00,James Madison Dukes,Marshall Thundering Herd,,,,,1.333,3.5,BetOnline.ag,2025-01-16 18:04:10,
NCAAB,2025-01-16 19:00:00,James Madison Dukes,Marshall Thundering Herd,,,,,1.333,3.5,LowVig.ag,2025-01-16 18:04:10,
NCAAB,2025-01-16 19:00:00,James Madison Dukes,Marshall Thundering Herd,,,,,1.364,3.2,FanDuel,2025-01-16 18:04:10,
NCAAB,2025-01-16 19:00:00,James Madison Dukes,Marshall Thundering Herd,,,,,1.351,3.3,DraftKings,2025-01-16 18:04:10,
NCAAB,2025-01-16 19:00:00,James Madison Dukes,Marshall Thundering Herd,,,,,1.333,3.4,BetMGM,2025-01-16 18:04:10,
NCAAB,2025-01-16 19:00:00,James Madison Dukes,Marshall Thundering Herd,,,,,1.333,3.5,BetUS,2025-01-16 18:04:10,
NCAAB,2025-01-16 19:00:00,James Madison Dukes,Marshall Thundering Herd,,,,,1.351,3.28,Caesars,2025-01-16 18:04:10,
NCAAB,2025-01-16 19:00:00,James Madison Dukes,Marshall Thundering Herd,,,,,1.36,3.2,BetRivers,2025-01-16 18:04:10,
NCAAB,2025-01-16 19:00:00,James Madison Dukes,Marshall Thundering Herd,,,,,1.351,3.35,Bovada,2025-01-16 18:04:10,
NCAAB,2025-01-16 19:00:00,Kennesaw St Owls,Sam Houston St Bearkats,,,,,1.84,1.99,BetOnline.ag,2025-01-16 18:04:10,
NCAAB,2025-01-16 19:00:00,Kennesaw St Owls,Sam Houston St Bearkats,,,,,1.84,1.99,LowVig.ag,2025-01-16 18:04:10,
NCAAB,2025-01-16 19:00:00,Kennesaw St Owls,Sam Houston St Bearkats,,,,,1.87,1.952,DraftKings,2025-01-16 18:04:10,
NCAAB,2025-01-16 19:00:00,Kennesaw St Owls,Sam Houston St Bearkats,,,,,1.87,1.952,BetMGM,2025-01-16 18:04:10,
NCAAB,2025-01-16 19:00:00,Kennesaw St Owls,Sam Houston St Bearkats,,,,,1.847,1.962,MyBookie.ag,2025-01-16 18:04:10,
NCAAB,2025-01-16 19:00:00,Kennesaw St Owls,Sam Houston St Bearkats,,,,,1.87,1.952,BetUS,2025-01-16 18:04:10,
NCAAB,2025-01-16 19:00:00,Kennesaw St Owls,Sam Houston St Bearkats,,,,,1.909,1.909,FanDuel,2025-01-16 18:04:10,
NCAAB,2025-01-16 19:00:00,Kennesaw St Owls,Sam Houston St Bearkats,,,,,1.8,2.05,Caesars,2025-01-16 18:04:10,
NCAAB,2025-01-16 19:00:00,Kennesaw St Owls,Sam Houston St Bearkats,,,,,1.926,1.885,BetRivers,2025-01-16 18:04:10,
NCAAB,2025-01-16 19:00:00,Kennesaw St Owls,Sam Houston St Bearkats,,,,,1.833,2.0,Bovada,2025-01-16 18:04:10,
NCAAB,2025-01-16 19:00:00,Longwood Lancers,High Point Panthers,,,,,2.64,1.5,FanDuel,2025-01-16 18:04:10,
NCAAB,2025-01-16 19:00:00,Longwood Lancers,High Point Panthers,,,,,2.7,1.455,MyBookie.ag,2025-01-16 18:04:10,
NCAAB,2025-01-16 19:00:00,Longwood Lancers,High Point Panthers,,,,,2.7,1.488,DraftKings,2025-01-16 18:04:10,
NCAAB,2025-01-16 19:00:00,Longwood Lancers,High Point Panthers,,,,,2.65,1.5,BetMGM,2025-01-16 18:04:10,
NCAAB,2025-01-16 19:00:00,Longwood Lancers,High Point Panthers,,,,,2.7,1.488,Caesars,2025-01-16 18:04:10,
NCAAB,2025-01-16 19:00:00,Longwood Lancers,High Point Panthers,,,,,2.7,1.476,BetRivers,2025-01-16 18:04:10,
NCAAB,2025-01-16 19:00:00,Longwood Lancers,High Point Panthers,,,,,2.55,1.556,Bovada,2025-01-16 18:04:10,
NCAAB,2025-01-16 19:00:00,Minnesota Golden Gophers,Michigan Wolverines,,,,,5.6,1.167,BetOnline.ag,2025-01-16 18:04:10,
NCAAB,2025-01-16 19:00:00,Minnesota Golden Gophers,Michigan Wolverines,,,,,4.8,1.189,BetRivers,2025-01-16 18:04:10,
NCAAB,2025-01-16 19:00:00,Minnesota Golden Gophers,Michigan Wolverines,,,,,5.6,1.167,LowVig.ag,2025-01-16 18:04:10,
NCAAB,2025-01-16 19:00:00,Minnesota Golden Gophers,Michigan Wolverines,,,,,5.49,1.15,MyBookie.ag,2025-01-16 18:04:10,
NCAAB,2025-01-16 19:00:00,Minnesota Golden Gophers,Michigan Wolverines,,,,,5.2,1.172,FanDuel,2025-01-16 18:04:10,
NCAAB,2025-01-16 19:00:00,Minnesota Golden Gophers,Michigan Wolverines,,,,,5.4,1.167,DraftKings,2025-01-16 18:04:10,
NCAAB,2025-01-16 19:00:00,Minnesota Golden Gophers,Michigan Wolverines,,,,,5.25,1.167,BetMGM,2025-01-16 18:04:10,
NCAAB,2025-01-16 19:00:00,Minnesota Golden Gophers,Michigan Wolverines,,,,,5.5,1.167,BetUS,2025-01-16 18:04:10,
NCAAB,2025-01-16 19:00:00,Minnesota Golden Gophers,Michigan Wolverines,,,,,5.3,1.167,Caesars,2025-01-16 18:04:10,
NCAAB,2025-01-16 19:00:00,Minnesota Golden Gophers,Michigan Wolverines,,,,,5.3,1.16,Bovada,2025-01-16 18:04:10,
NCAAB,2025-01-16 19:00:00,North Carolina A&T Aggies,Monmouth Hawks,,,,,2.1,1.769,BetOnline.ag,2025-01-16 18:04:10,
NCAAB,2025-01-16 19:00:00,North Carolina A&T Aggies,Monmouth Hawks,,,,,2.1,1.769,LowVig.ag,2025-01-16 18:04:10,
NCAAB,2025-01-16 19:00:00,North Carolina A&T Aggies,Monmouth Hawks,,,,,2.1,1.769,DraftKings,2025-01-16 18:04:10,
NCAAB,2025-01-16 19:00:00,North Carolina A&T Aggies,Monmouth Hawks,,,,,2.1,1.741,BetMGM,2025-01-16 18:04:10,
NCAAB,2025-01-16 19:00:00,North Carolina A&T Aggies,Monmouth Hawks,,,,,2.11,1.741,MyBookie.ag,2025-01-16 18:04:10,
NCAAB,2025-01-16 19:00:00,North Carolina A&T Aggies,Monmouth Hawks,,,,,2.15,1.741,BetUS,2025-01-16 18:04:10,
NCAAB,2025-01-16 19:00:00,North Carolina A&T Aggies,Monmouth Hawks,,,,,2.14,1.714,FanDuel,2025-01-16 18:04:10,
NCAAB,2025-01-16 19:00:00,North Carolina A&T Aggies,Monmouth Hawks,,,,,2.14,1.719,BetRivers,2025-01-16 18:04:10,
NCAAB,2025-01-16 19:00:00,North Carolina A&T Aggies,Monmouth Hawks,,,,,2.15,1.741,Bovada,2025-01-16 18:04:10,
NCAAB,2025-01-16 19:00:00,North Florida Ospreys,Central Arkansas Bears,,,,,1.148,5.9,DraftKings,2025-01-16 18:04:10,
NCAAB,2025-01-16 19:00:00,North Florida Ospreys,Central Arkansas Bears,,,,,1.154,5.0,MyBookie.ag,2025-01-16 18:04:10,
NCAAB,2025-01-16 19:00:00,North Florida Ospreys,Central Arkansas Bears,,,,,1.154,5.75,BetMGM,2025-01-16 18:04:10,
NCAAB,2025-01-16 19:00:00,North Florida Ospreys,Central Arkansas Bears,,,,,1.154,5.6,Caesars,2025-01-16 18:04:10,
NCAAB,2025-01-16 19:00:00,North Florida Ospreys,Central Arkansas Bears,,,,,1.133,5.9,FanDuel,2025-01-16 18:04:10,
NCAAB,2025-01-16 19:00:00,North Florida Ospreys,Central Arkansas Bears,,,,,1.16,5.2,BetRivers,2025-01-16 18:04:10,
NCAAB,2025-01-16 19:00:00,North Florida Ospreys,Central Arkansas Bears,,,,,1.133,6.0,Bovada,2025-01-16 18:04:10,
NCAAB,2025-01-16 19:00:00,Old Dominion Monarchs,Appalachian St Mountaineers,,,,,2.4,1.625,BetOnline.ag,2025-01-16 18:04:10,
NCAAB,2025-01-16 19:00:00,Old Dominion Monarchs,Appalachian St Mountaineers,,,,,2.4,1.625,LowVig.ag,2025-01-16 18:04:10,
NCAAB,2025-01-16 19:00:00,Old Dominion Monarchs,Appalachian St Mountaineers,,,,,2.36,1.617,DraftKings,2025-01-16 18:04:10,
NCAAB,2025-01-16 19:00:00,Old Dominion Monarchs,Appalachian St Mountaineers,,,,,2.35,1.606,BetMGM,2025-01-16 18:04:10,
NCAAB,2025-01-16 19:00:00,Old Dominion Monarchs,Appalachian St Mountaineers,,,,,2.42,1.571,MyBookie.ag,2025-01-16 18:04:10,
NCAAB,2025-01-16 19:00:00,Old Dominion Monarchs,Appalachian St Mountaineers,,,,,2.38,1.625,BetUS,2025-01-16 18:04:10,
NCAAB,2025-01-16 19:00:00,Old Dominion Monarchs,Appalachian St Mountaineers,,,,,2.52,1.532,FanDuel,2025-01-16 18:04:10,
NCAAB,2025-01-16 19:00:00,Old Dominion Monarchs,Appalachian St Mountaineers,,,,,2.4,1.606,Caesars,2025-01-16 18:04:10,
NCAAB,2025-01-16 19:00:00,Old Dominion Monarchs,Appalachian St Mountaineers,,,,,2.32,1.617,BetRivers,2025-01-16 18:04:10,
NCAAB,2025-01-16 19:00:00,Old Dominion Monarchs,Appalachian St Mountaineers,,,,,2.35,1.625,Bovada,2025-01-16 18:04:10,
NCAAB,2025-01-16 19:00:00,Quinnipiac Bobcats,Merrimack Warriors,,,,,1.581,2.52,BetOnline.ag,2025-01-16 18:04:10,
NCAAB,2025-01-16 19:00:00,Quinnipiac Bobcats,Merrimack Warriors,,,,,1.581,2.52,LowVig.ag,2025-01-16 18:04:10,
NCAAB,2025-01-16 19:00:00,Quinnipiac Bobcats,Merrimack Warriors,,,,,1.556,2.5,DraftKings,2025-01-16 18:04:10,
NCAAB,2025-01-16 19:00:00,Quinnipiac Bobcats,Merrimack Warriors,,,,,1.541,2.5,BetMGM,2025-01-16 18:04:10,
NCAAB,2025-01-16 19:00:00,Quinnipiac Bobcats,Merrimack Warriors,,,,,1.529,2.53,MyBookie.ag,2025-01-16 18:04:10,
NCAAB,2025-01-16 19:00:00,Quinnipiac Bobcats,Merrimack Warriors,,,,,1.556,2.55,BetUS,2025-01-16 18:04:10,
NCAAB,2025-01-16 19:00:00,Quinnipiac Bobcats,Merrimack Warriors,,,,,1.515,2.56,FanDuel,2025-01-16 18:04:10,
NCAAB,2025-01-16 19:00:00,Quinnipiac Bobcats,Merrimack Warriors,,,,,1.526,2.58,Caesars,2025-01-16 18:04:10,
NCAAB,2025-01-16 19:00:00,Quinnipiac Bobcats,Merrimack Warriors,,,,,1.571,2.4,BetRivers,2025-01-16 18:04:10,
NCAAB,2025-01-16 19:00:00,Quinnipiac Bobcats,Merrimack Warriors,,,,,1.556,2.55,Bovada,2025-01-16 18:04:10,
NCAAB,2025-01-16 19:00:00,Rider Broncs,Mt. St. Mary's Mountaineers,,,,,1.952,1.87,BetOnline.ag,2025-01-16 18:04:10,
NCAAB,2025-01-16 19:00:00,Rider Broncs,Mt. St. Mary's Mountaineers,,,,,1.952,1.87,LowVig.ag,2025-01-16 18:04:10,
NCAAB,2025-01-16 19:00:00,Rider Broncs,Mt. St. Mary's Mountaineers,,,,,1.893,1.926,DraftKings,2025-01-16 18:04:10,
NCAAB,2025-01-16 19:00:00,Rider Broncs,Mt. St. Mary's Mountaineers,,,,,1.909,1.901,MyBookie.ag,2025-01-16 18:04:10,
NCAAB,2025-01-16 19:00:00,Rider Broncs,Mt. St. Mary's Mountaineers,,,,,1.909,1.909,BetMGM,2025-01-16 18:04:10,
NCAAB,2025-01-16 19:00:00,Rider Broncs,Mt. St. Mary's Mountaineers,,,,,1.952,1.87,Caesars,2025-01-16 18:04:10,
NCAAB,2025-01-16 19:00:00,Rider Broncs,Mt. St. Mary's Mountaineers,,,,,1.909,1.909,FanDuel,2025-01-16 18:04:10,
NCAAB,2025-01-16 19:00:00,Rider Broncs,Mt. St. Mary's Mountaineers,,,,,1.952,1.855,BetRivers,2025-01-16 18:04:10,
NCAAB,2025-01-16 19:00:00,Rider Broncs,Mt. St. Mary's Mountaineers,,,,,1.909,1.909,Bovada,2025-01-16 18:04:10,
NCAAB,2025-01-16 19:00:00,Saint Peter's Peacocks,Marist Red Foxes,,,,,1.781,2.08,BetOnline.ag,2025-01-16 18:04:10,
NCAAB,2025-01-16 19:00:00,Saint Peter's Peacocks,Marist Red Foxes,,,,,1.781,2.08,LowVig.ag,2025-01-16 18:04:10,
NCAAB,2025-01-16 19:00:00,Saint Peter's Peacocks,Marist Red Foxes,,,,,1.8,2.05,DraftKings,2025-01-16 18:04:10,
NCAAB,2025-01-16 19:00:00,Saint Peter's Peacocks,Marist Red Foxes,,,,,1.8,2.05,BetMGM,2025-01-16 18:04:10,
NCAAB,2025-01-16 19:00:00,Saint Peter's Peacocks,Marist Red Foxes,,,,,1.813,2.01,MyBookie.ag,2025-01-16 18:04:10,
NCAAB,2025-01-16 19:00:00,Saint Peter's Peacocks,Marist Red Foxes,,,,,1.8,2.05,BetUS,2025-01-16 18:04:10,
NCAAB,2025-01-16 19:00:00,Saint Peter's Peacocks,Marist Red Foxes,,,,,1.82,2.0,FanDuel,2025-01-16 18:04:10,
NCAAB,2025-01-16 19:00:00,Saint Peter's Peacocks,Marist Red Foxes,,,,,1.769,2.1,Caesars,2025-01-16 18:04:10,
NCAAB,2025-01-16 19:00:00,Saint Peter's Peacocks,Marist Red Foxes,,,,,1.826,2.0,BetRivers,2025-01-16 18:04:10,
NCAAB,2025-01-16 19:00:00,Saint Peter's Peacocks,Marist Red Foxes,,,,,1.8,2.05,Bovada,2025-01-16 18:04:10,
NCAAB,2025-01-16 19:00:00,Siena Saints,Sacred Heart Pioneers,,,,,2.05,1.8,BetOnline.ag,2025-01-16 18:04:10,
NCAAB,2025-01-16 19:00:00,Siena Saints,Sacred Heart Pioneers,,,,,2.05,1.8,LowVig.ag,2025-01-16 18:04:10,
NCAAB,2025-01-16 19:00:00,Siena Saints,Sacred Heart Pioneers,,,,,1.87,1.952,DraftKings,2025-01-16 18:04:10,
NCAAB,2025-01-16 19:00:00,Siena Saints,Sacred Heart Pioneers,,,,,1.84,1.971,MyBookie.ag,2025-01-16 18:04:10,
NCAAB,2025-01-16 19:00:00,Siena Saints,Sacred Heart Pioneers,,,,,1.909,1.909,BetMGM,2025-01-16 18:04:10,
NCAAB,2025-01-16 19:00:00,Siena Saints,Sacred Heart Pioneers,,,,,2.0,1.833,BetUS,2025-01-16 18:04:10,
NCAAB,2025-01-16 19:00:00,Siena Saints,Sacred Heart Pioneers,,,,,1.877,1.952,FanDuel,2025-01-16 18:04:10,
NCAAB,2025-01-16 19:00:00,Siena Saints,Sacred Heart Pioneers,,,,,1.855,1.962,BetRivers,2025-01-16 18:04:10,
NCAAB,2025-01-16 19:00:00,Siena Saints,Sacred Heart Pioneers,,,,,1.87,1.952,Bovada,2025-01-16 18:04:10,
NCAAB,2025-01-16 19:00:00,Stetson Hatters,Queens University Royals,,,,,2.85,1.444,DraftKings,2025-01-16 18:04:10,
NCAAB,2025-01-16 19:00:00,Stetson Hatters,Queens University Royals,,,,,2.85,1.444,Caesars,2025-01-16 18:04:10,
NCAAB,2025-01-16 19:00:00,Stetson Hatters,Queens University Royals,,,,,2.94,1.408,FanDuel,2025-01-16 18:04:10,
NCAAB,2025-01-16 19:00:00,Stetson Hatters,Queens University Royals,,,,,2.9,1.426,BetRivers,2025-01-16 18:04:10,
NCAAB,2025-01-16 19:00:00,Stetson Hatters,Queens University Royals,,,,,2.95,1.426,Bovada,2025-01-16 18:04:10,
NCAAB,2025-01-16 19:00:00,Temple Owls,Memphis Tigers,,,,,3.85,1.294,BetOnline.ag,2025-01-16 18:04:10,
NCAAB,2025-01-16 19:00:00,Temple Owls,Memphis Tigers,,,,,3.4,1.328,BetRivers,2025-01-16 18:04:10,
NCAAB,2025-01-16 19:00:00,Temple Owls,Memphis Tigers,,,,,3.85,1.294,LowVig.ag,2025-01-16 18:04:10,
NCAAB,2025-01-16 19:00:00,Temple Owls,Memphis Tigers,,,,,3.64,1.29,MyBookie.ag,2025-01-16 18:04:10,
NCAAB,2025-01-16 19:00:00,Temple Owls,Memphis Tigers,,,,,3.55,1.312,FanDuel,2025-01-16 18:04:10,
NCAAB,2025-01-16 19:00:00,Temple Owls,Memphis Tigers,,,,,3.7,1.294,DraftKings,2025-01-16 18:04:10,
NCAAB,2025-01-16 19:00:00,Temple Owls,Memphis Tigers,,,,,3.4,1.333,BetMGM,2025-01-16 18:04:10,
NCAAB,2025-01-16 19:00:00,Temple Owls,Memphis Tigers,,,,,3.7,1.303,BetUS,2025-01-16 18:04:10,
NCAAB,2025-01-16 19:00:00,Temple Owls,Memphis Tigers,,,,,3.7,1.29,Caesars,2025-01-16 18:04:10,
NCAAB,2025-01-16 19:00:00,Temple Owls,Memphis Tigers,,,,,3.6,1.312,Bovada,2025-01-16 18:04:10,
NCAAB,2025-01-16 19:00:00,Towson Tigers,Hofstra Pride,,,,,1.476,2.8,BetOnline.ag,2025-01-16 18:04:10,
NCAAB,2025-01-16 19:00:00,Towson Tigers,Hofstra Pride,,,,,1.476,2.8,LowVig.ag,2025-01-16 18:04:10,
NCAAB,2025-01-16 19:00:00,Towson Tigers,Hofstra Pride,,,,,1.51,2.62,FanDuel,2025-01-16 18:04:10,
NCAAB,2025-01-16 19:00:00,Towson Tigers,Hofstra Pride,,,,,1.488,2.7,DraftKings,2025-01-16 18:04:10,
NCAAB,2025-01-16 19:00:00,Towson Tigers,Hofstra Pride,,,,,1.476,2.7,BetMGM,2025-01-16 18:04:10,
NCAAB,2025-01-16 19:00:00,Towson Tigers,Hofstra Pride,,,,,1.5,2.7,BetUS,2025-01-16 18:04:10,
NCAAB,2025-01-16 19:00:00,Towson Tigers,Hofstra Pride,,,,,1.513,2.62,Caesars,2025-01-16 18:04:10,
NCAAB,2025-01-16 19:00:00,Towson Tigers,Hofstra Pride,,,,,1.461,2.75,MyBookie.ag,2025-01-16 18:04:10,
NCAAB,2025-01-16 19:00:00,Towson Tigers,Hofstra Pride,,,,,1.444,2.8,BetRivers,2025-01-16 18:04:10,
NCAAB,2025-01-16 19:00:00,Towson Tigers,Hofstra Pride,,,,,1.476,2.75,Bovada,2025-01-16 18:04:10,
NCAAB,2025-01-16 19:00:00,UNC Wilmington Seahawks,Northeastern Huskies,,,,,1.377,3.25,BetOnline.ag,2025-01-16 18:04:10,
NCAAB,2025-01-16 19:00:00,UNC Wilmington Seahawks,Northeastern Huskies,,,,,1.377,3.25,LowVig.ag,2025-01-16 18:04:10,
NCAAB,2025-01-16 19:00:00,UNC Wilmington Seahawks,Northeastern Huskies,,,,,1.385,3.1,FanDuel,2025-01-16 18:04:10,
NCAAB,2025-01-16 19:00:00,UNC Wilmington Seahawks,Northeastern Huskies,,,,,1.377,3.15,DraftKings,2025-01-16 18:04:10,
NCAAB,2025-01-16 19:00:00,UNC Wilmington Seahawks,Northeastern Huskies,,,,,1.364,3.2,BetMGM,2025-01-16 18:04:10,
NCAAB,2025-01-16 19:00:00,UNC Wilmington Seahawks,Northeastern Huskies,,,,,1.36,3.18,MyBookie.ag,2025-01-16 18:04:10,
NCAAB,2025-01-16 19:00:00,UNC Wilmington Seahawks,Northeastern Huskies,,,,,1.377,3.23,BetUS,2025-01-16 18:04:10,
NCAAB,2025-01-16 19:00:00,UNC Wilmington Seahawks,Northeastern Huskies,,,,,1.375,3.15,Caesars,2025-01-16 18:04:10,
NCAAB,2025-01-16 19:00:00,UNC Wilmington Seahawks,Northeastern Huskies,,,,,1.36,3.2,BetRivers,2025-01-16 18:04:10,
NCAAB,2025-01-16 19:00:00,UNC Wilmington Seahawks,Northeastern Huskies,,,,,1.364,3.25,Bovada,2025-01-16 18:04:10,
NCAAB,2025-01-16 19:00:00,Vermont Catamounts,Binghamton Bearcats,,,,,1.167,5.4,DraftKings,2025-01-16 18:04:10,
NCAAB,2025-01-16 19:00:00,Vermont Catamounts,Binghamton Bearcats,,,,,1.167,5.25,BetMGM,2025-01-16 18:04:10,
NCAAB,2025-01-16 19:00:00,Vermont Catamounts,Binghamton Bearcats,,,,,1.154,5.6,Caesars,2025-01-16 18:04:10,
NCAAB,2025-01-16 19:00:00,Vermont Catamounts,Binghamton Bearcats,,,,,1.133,5.5,MyBookie.ag,2025-01-16 18:04:10,
NCAAB,2025-01-16 19:00:00,Vermont Catamounts,Binghamton Bearcats,,,,,1.125,6.2,FanDuel,2025-01-16 18:04:10,
NCAAB,2025-01-16 19:00:00,Vermont Catamounts,Binghamton Bearcats,,,,,1.13,6.25,BetRivers,2025-01-16 18:04:10,
NCAAB,2025-01-16 19:00:00,Vermont Catamounts,Binghamton Bearcats,,,,,1.133,6.0,Bovada,2025-01-16 18:04:10,
NCAAB,2025-01-16 19:30:00,Morehead St Eagles,Western Illinois Leathernecks,,,,,1.222,4.6,BetOnline.ag,2025-01-16 18:04:10,
NCAAB,2025-01-16 19:30:00,Morehead St Eagles,Western Illinois Leathernecks,,,,,1.222,4.6,LowVig.ag,2025-01-16 18:04:10,
NCAAB,2025-01-16 19:30:00,Morehead St Eagles,Western Illinois Leathernecks,,,,,1.26,3.86,MyBookie.ag,2025-01-16 18:04:10,
NCAAB,2025-01-16 19:30:00,Morehead St Eagles,Western Illinois Leathernecks,,,,,1.25,4.2,BetUS,2025-01-16 18:04:10,
NCAAB,2025-01-16 19:30:00,Morehead St Eagles,Western Illinois Leathernecks,,,,,1.253,4.1,DraftKings,2025-01-16 18:04:10,
NCAAB,2025-01-16 19:30:00,Morehead St Eagles,Western Illinois Leathernecks,,,,,1.25,4.1,BetMGM,2025-01-16 18:04:10,
NCAAB,2025-01-16 19:30:00,Morehead St Eagles,Western Illinois Leathernecks,,,,,1.25,4.0,FanDuel,2025-01-16 18:04:10,
NCAAB,2025-01-16 19:30:00,Morehead St Eagles,Western Illinois Leathernecks,,,,,1.26,4.0,Caesars,2025-01-16 18:04:10,
NCAAB,2025-01-16 19:30:00,Morehead St Eagles,Western Illinois Leathernecks,,,,,1.263,3.9,Bovada,2025-01-16 18:04:10,
NCAAB,2025-01-16 19:30:00,Morehead St Eagles,Western Illinois Leathernecks,,,,,1.278,3.75,BetRivers,2025-01-16 18:04:10,
NCAAB,2025-01-16 20:00:00,Arkansas St Red Wolves,Louisiana Ragin' Cajuns,,,,,1.033,13.0,FanDuel,2025-01-16 18:04:10,
NCAAB,2025-01-16 20:00:00,Arkansas St Red Wolves,Louisiana Ragin' Cajuns,,,,,1.04,10.93,MyBookie.ag,2025-01-16 18:04:10,
NCAAB,2025-01-16 20:00:00,Arkansas St Red Wolves,Louisiana Ragin' Cajuns,,,,,1.048,12.0,DraftKings,2025-01-16 18:04:10,
NCAAB,2025-01-16 20:00:00,Arkansas St Red Wolves,Louisiana Ragin' Cajuns,,,,,1.05,11.0,BetMGM,2025-01-16 18:04:10,
NCAAB,2025-01-16 20:00:00,Arkansas St Red Wolves,Louisiana Ragin' Cajuns,,,,,1.05,11.5,Caesars,2025-01-16 18:04:10,
NCAAB,2025-01-16 20:00:00,Arkansas St Red Wolves,Louisiana Ragin' Cajuns,,,,,1.045,11.0,Bovada,2025-01-16 18:04:10,
NCAAB,2025-01-16 20:00:00,Arkansas St Red Wolves,Louisiana Ragin' Cajuns,,,,,1.05,10.0,BetRivers,2025-01-16 18:04:10,
NCAAB,2025-01-16 20:00:00,Austin Peay Governors,Eastern Kentucky Colonels,,,,,2.3,1.645,DraftKings,2025-01-16 18:04:10,
NCAAB,2025-01-16 20:00:00,Austin Peay Governors,Eastern Kentucky Colonels,,,,,2.25,1.667,BetMGM,2025-01-16 18:04:10,
NCAAB,2025-01-16 20:00:00,Austin Peay Governors,Eastern Kentucky Colonels,,,,,2.3,1.645,Caesars,2025-01-16 18:04:10,
NCAAB,2025-01-16 20:00:00,Austin Peay Governors,Eastern Kentucky Colonels,,,,,2.25,1.625,MyBookie.ag,2025-01-16 18:04:10,
NCAAB,2025-01-16 20:00:00,Austin Peay Governors,Eastern Kentucky Colonels,,,,,2.18,1.694,FanDuel,2025-01-16 18:04:10,
NCAAB,2025-01-16 20:00:00,Austin Peay Governors,Eastern Kentucky Colonels,,,,,2.25,1.658,BetRivers,2025-01-16 18:04:10,
NCAAB,2025-01-16 20:00:00,Austin Peay Governors,Eastern Kentucky Colonels,,,,,2.25,1.69,Bovada,2025-01-16 18:04:10,
NCAAB,2025-01-16 20:00:00,N Colorado Bears,Portland St Vikings,,,,,1.222,4.6,BetOnline.ag,2025-01-16 18:04:10,
NCAAB,2025-01-16 20:00:00,N Colorado Bears,Portland St Vikings,,,,,1.222,4.6,LowVig.ag,2025-01-16 18:04:10,
NCAAB,2025-01-16 20:00:00,N Colorado Bears,Portland St Vikings,,,,,1.19,4.72,MyBookie.ag,2025-01-16 18:04:10,
NCAAB,2025-01-16 20:00:00,N Colorado Bears,Portland St Vikings,,,,,1.222,4.55,BetUS,2025-01-16 18:04:10,
NCAAB,2025-01-16 20:00:00,N Colorado Bears,Portland St Vikings,,,,,1.192,4.9,DraftKings,2025-01-16 18:04:10,
NCAAB,2025-01-16 20:00:00,N Colorado Bears,Portland St Vikings,,,,,1.192,4.7,FanDuel,2025-01-16 18:04:10,
NCAAB,2025-01-16 20:00:00,N Colorado Bears,Portland St Vikings,,,,,1.2,4.6,BetMGM,2025-01-16 18:04:10,
NCAAB,2025-01-16 20:00:00,N Colorado Bears,Portland St Vikings,,,,,1.227,4.35,Caesars,2025-01-16 18:04:10,
NCAAB,2025-01-16 20:00:00,N Colorado Bears,Portland St Vikings,,,,,1.19,4.75,Bovada,2025-01-16 18:04:10,
NCAAB,2025-01-16 20:00:00,N Colorado Bears,Portland St Vikings,,,,,1.2,4.7,BetRivers,2025-01-16 18:04:10,
NCAAB,2025-01-16 20:00:00,North Dakota St Bison,UMKC Kangaroos,,,,,1.241,4.35,BetOnline.ag,2025-01-16 18:04:10,
NCAAB,2025-01-16 20:00:00,North Dakota St Bison,UMKC Kangaroos,,,,,1.241,4.35,LowVig.ag,2025-01-16 18:04:10,
NCAAB,2025-01-16 20:00:00,North Dakota St Bison,UMKC Kangaroos,,,,,1.21,4.43,MyBookie.ag,2025-01-16 18:04:10,
NCAAB,2025-01-16 20:00:00,North Dakota St Bison,UMKC Kangaroos,,,,,1.241,4.3,BetUS,2025-01-16 18:04:10,
NCAAB,2025-01-16 20:00:00,North Dakota St Bison,UMKC Kangaroos,,,,,1.235,4.3,DraftKings,2025-01-16 18:04:10,
NCAAB,2025-01-16 20:00:00,North Dakota St Bison,UMKC Kangaroos,,,,,1.2,4.6,FanDuel,2025-01-16 18:04:10,
NCAAB,2025-01-16 20:00:00,North Dakota St Bison,UMKC Kangaroos,,,,,1.25,4.1,BetMGM,2025-01-16 18:04:10,
NCAAB,2025-01-16 20:00:00,North Dakota St Bison,UMKC Kangaroos,,,,,1.227,4.35,Caesars,2025-01-16 18:04:10,
NCAAB,2025-01-16 20:00:00,North Dakota St Bison,UMKC Kangaroos,,,,,1.217,4.4,Bovada,2025-01-16 18:04:10,
NCAAB,2025-01-16 20:00:00,North Dakota St Bison,UMKC Kangaroos,,,,,1.26,3.9,BetRivers,2025-01-16 18:04:10,
NCAAB,2025-01-16 20:00:00,Northern Arizona Lumberjacks,Sacramento St Hornets,,,,,1.25,4.2,BetOnline.ag,2025-01-16 18:04:10,
NCAAB,2025-01-16 20:00:00,Northern Arizona Lumberjacks,Sacramento St Hornets,,,,,1.25,4.2,LowVig.ag,2025-01-16 18:04:10,
NCAAB,2025-01-16 20:00:00,Northern Arizona Lumberjacks,Sacramento St Hornets,,,,,1.25,4.05,MyBookie.ag,2025-01-16 18:04:10,
NCAAB,2025-01-16 20:00:00,Northern Arizona Lumberjacks,Sacramento St Hornets,,,,,1.263,4.05,BetUS,2025-01-16 18:04:10,
NCAAB,2025-01-16 20:00:00,Northern Arizona Lumberjacks,Sacramento St Hornets,,,,,1.253,4.1,DraftKings,2025-01-16 18:04:10,
NCAAB,2025-01-16 20:00:00,Northern Arizona Lumberjacks,Sacramento St Hornets,,,,,1.267,3.9,BetMGM,2025-01-16 18:04:10,
NCAAB,2025-01-16 20:00:00,Northern Arizona Lumberjacks,Sacramento St Hornets,,,,,1.233,4.2,FanDuel,2025-01-16 18:04:10,
NCAAB,2025-01-16 20:00:00,Northern Arizona Lumberjacks,Sacramento St Hornets,,,,,1.238,4.2,Caesars,2025-01-16 18:04:10,
NCAAB,2025-01-16 20:00:00,Northern Arizona Lumberjacks,Sacramento St Hornets,,,,,1.233,4.2,Bovada,2025-01-16 18:04:10,
NCAAB,2025-01-16 20:00:00,Northern Arizona Lumberjacks,Sacramento St Hornets,,,,,1.278,3.75,BetRivers,2025-01-16 18:04:10,
NCAAB,2025-01-16 20:00:00,South Dakota Coyotes,Oral Roberts Golden Eagles,,,,,1.317,3.65,BetOnline.ag,2025-01-16 18:04:10,
NCAAB,2025-01-16 20:00:00,South Dakota Coyotes,Oral Roberts Golden Eagles,,,,,1.317,3.65,LowVig.ag,2025-01-16 18:04:10,
NCAAB,2025-01-16 20:00:00,South Dakota Coyotes,Oral Roberts Golden Eagles,,,,,1.29,3.65,MyBookie.ag,2025-01-16 18:04:10,
NCAAB,2025-01-16 20:00:00,South Dakota Coyotes,Oral Roberts Golden Eagles,,,,,1.312,3.6,BetUS,2025-01-16 18:04:10,
NCAAB,2025-01-16 20:00:00,South Dakota Coyotes,Oral Roberts Golden Eagles,,,,,1.308,3.6,DraftKings,2025-01-16 18:04:10,
NCAAB,2025-01-16 20:00:00,South Dakota Coyotes,Oral Roberts Golden Eagles,,,,,1.282,3.7,FanDuel,2025-01-16 18:04:10,
NCAAB,2025-01-16 20:00:00,South Dakota Coyotes,Oral Roberts Golden Eagles,,,,,1.286,3.6,BetMGM,2025-01-16 18:04:10,
NCAAB,2025-01-16 20:00:00,South Dakota Coyotes,Oral Roberts Golden Eagles,,,,,1.299,3.6,Caesars,2025-01-16 18:04:10,
NCAAB,2025-01-16 20:00:00,South Dakota Coyotes,Oral Roberts Golden Eagles,,,,,1.294,3.7,Bovada,2025-01-16 18:04:10,
NCAAB,2025-01-16 20:00:00,South Dakota Coyotes,Oral Roberts Golden Eagles,,,,,1.35,3.25,BetRivers,2025-01-16 18:04:10,
NCAAB,2025-01-16 20:00:00,South Dakota St Jackrabbits,North Dakota Fighting Hawks,,,,,1.123,6.95,BetOnline.ag,2025-01-16 18:04:10,
NCAAB,2025-01-16 20:00:00,South Dakota St Jackrabbits,North Dakota Fighting Hawks,,,,,1.123,6.95,LowVig.ag,2025-01-16 18:04:10,
NCAAB,2025-01-16 20:00:00,South Dakota St Jackrabbits,North Dakota Fighting Hawks,,,,,1.12,6.52,MyBookie.ag,2025-01-16 18:04:10,
NCAAB,2025-01-16 20:00:00,South Dakota St Jackrabbits,North Dakota Fighting Hawks,,,,,1.123,6.65,BetUS,2025-01-16 18:04:10,
NCAAB,2025-01-16 20:00:00,South Dakota St Jackrabbits,North Dakota Fighting Hawks,,,,,1.118,6.75,DraftKings,2025-01-16 18:04:10,
NCAAB,2025-01-16 20:00:00,South Dakota St Jackrabbits,North Dakota Fighting Hawks,,,,,1.111,6.75,BetMGM,2025-01-16 18:04:10,
NCAAB,2025-01-16 20:00:00,South Dakota St Jackrabbits,North Dakota Fighting Hawks,,,,,1.095,7.3,FanDuel,2025-01-16 18:04:10,
NCAAB,2025-01-16 20:00:00,South Dakota St Jackrabbits,North Dakota Fighting Hawks,,,,,1.125,6.5,Caesars,2025-01-16 18:04:10,
NCAAB,2025-01-16 20:00:00,South Dakota St Jackrabbits,North Dakota Fighting Hawks,,,,,1.118,6.5,Bovada,2025-01-16 18:04:10,
NCAAB,2025-01-16 20:00:00,South Dakota St Jackrabbits,North Dakota Fighting Hawks,,,,,1.14,5.8,BetRivers,2025-01-16 18:04:10,
NCAAB,2025-01-16 20:00:00,Tarleton State Texans,Cal Baptist Lancers,,,,,2.38,1.633,BetOnline.ag,2025-01-16 18:04:10,
NCAAB,2025-01-16 20:00:00,Tarleton State Texans,Cal Baptist Lancers,,,,,2.38,1.633,LowVig.ag,2025-01-16 18:04:10,
NCAAB,2025-01-16 20:00:00,Tarleton State Texans,Cal Baptist Lancers,,,,,2.32,1.621,MyBookie.ag,2025-01-16 18:04:10,
NCAAB,2025-01-16 20:00:00,Tarleton State Texans,Cal Baptist Lancers,,,,,2.42,1.606,BetUS,2025-01-16 18:04:10,
NCAAB,2025-01-16 20:00:00,Tarleton State Texans,Cal Baptist Lancers,,,,,2.3,1.645,DraftKings,2025-01-16 18:04:10,
NCAAB,2025-01-16 20:00:00,Tarleton State Texans,Cal Baptist Lancers,,,,,2.34,1.61,FanDuel,2025-01-16 18:04:10,
NCAAB,2025-01-16 20:00:00,Tarleton State Texans,Cal Baptist Lancers,,,,,2.35,1.606,BetMGM,2025-01-16 18:04:10,
NCAAB,2025-01-16 20:00:00,Tarleton State Texans,Cal Baptist Lancers,,,,,2.3,1.645,Caesars,2025-01-16 18:04:10,
NCAAB,2025-01-16 20:00:00,Tarleton State Texans,Cal Baptist Lancers,,,,,2.35,1.625,Bovada,2025-01-16 18:04:10,
NCAAB,2025-01-16 20:00:00,Tarleton State Texans,Cal Baptist Lancers,,,,,2.4,1.571,BetRivers,2025-01-16 18:04:10,
NCAAB,2025-01-16 20:00:00,UT-Arlington Mavericks,Utah Valley Wolverines,,,,,1.962,1.862,BetOnline.ag,2025-01-16 18:04:10,
NCAAB,2025-01-16 20:00:00,UT-Arlington Mavericks,Utah Valley Wolverines,,,,,1.962,1.862,LowVig.ag,2025-01-16 18:04:10,
NCAAB,2025-01-16 20:00:00,UT-Arlington Mavericks,Utah Valley Wolverines,,,,,1.98,1.847,FanDuel,2025-01-16 18:04:10,
NCAAB,2025-01-16 20:00:00,UT-Arlington Mavericks,Utah Valley Wolverines,,,,,1.847,1.962,MyBookie.ag,2025-01-16 18:04:10,
NCAAB,2025-01-16 20:00:00,UT-Arlington Mavericks,Utah Valley Wolverines,,,,,1.952,1.87,DraftKings,2025-01-16 18:04:10,
NCAAB,2025-01-16 20:00:00,UT-Arlington Mavericks,Utah Valley Wolverines,,,,,1.909,1.909,BetMGM,2025-01-16 18:04:10,
NCAAB,2025-01-16 20:00:00,UT-Arlington Mavericks,Utah Valley Wolverines,,,,,1.909,1.909,Bovada,2025-01-16 18:04:10,
NCAAB,2025-01-16 20:00:00,UT-Arlington Mavericks,Utah Valley Wolverines,,,,,2.0,1.826,BetRivers,2025-01-16 18:04:10,
NCAAB,2025-01-16 20:30:00,Southern Indiana Screaming Eagles,Lindenwood Lions,,,,,1.833,2.0,BetOnline.ag,2025-01-16 18:04:10,
NCAAB,2025-01-16 20:30:00,Southern Indiana Screaming Eagles,Lindenwood Lions,,,,,1.833,2.0,LowVig.ag,2025-01-16 18:04:10,
NCAAB,2025-01-16 20:30:00,Southern Indiana Screaming Eagles,Lindenwood Lions,,,,,1.833,1.98,MyBookie.ag,2025-01-16 18:04:10,
NCAAB,2025-01-16 20:30:00,Southern Indiana Screaming Eagles,Lindenwood Lions,,,,,1.833,2.0,DraftKings,2025-01-16 18:04:10,
NCAAB,2025-01-16 20:30:00,Southern Indiana Screaming Eagles,Lindenwood Lions,,,,,1.833,1.98,FanDuel,2025-01-16 18:04:10,
NCAAB,2025-01-16 20:30:00,Southern Indiana Screaming Eagles,Lindenwood Lions,,,,,1.833,2.0,BetMGM,2025-01-16 18:04:10,
NCAAB,2025-01-16 20:30:00,Southern Indiana Screaming Eagles,Lindenwood Lions,,,,,1.833,2.0,Caesars,2025-01-16 18:04:10,
NCAAB,2025-01-16 20:30:00,Southern Indiana Screaming Eagles,Lindenwood Lions,,,,,1.8,2.05,Bovada,2025-01-16 18:04:10,
NCAAB,2025-01-16 20:30:00,Southern Indiana Screaming Eagles,Lindenwood Lions,,,,,1.847,1.971,BetRivers,2025-01-16 18:04:10,
NCAAB,2025-01-16 20:30:00,Tenn-Martin Skyhawks,Eastern Illinois Panthers,,,,,1.392,3.15,BetOnline.ag,2025-01-16 18:04:10,
NCAAB,2025-01-16 20:30:00,Tenn-Martin Skyhawks,Eastern Illinois Panthers,,,,,1.392,3.15,LowVig.ag,2025-01-16 18:04:10,
NCAAB,2025-01-16 20:30:00,Tenn-Martin Skyhawks,Eastern Illinois Panthers,,,,,1.385,3.1,Caesars,2025-01-16 18:04:10,
NCAAB,2025-01-16 20:30:00,Tenn-Martin Skyhawks,Eastern Illinois Panthers,,,,,1.37,3.1,MyBookie.ag,2025-01-16 18:04:10,
NCAAB,2025-01-16 20:30:00,Tenn-Martin Skyhawks,Eastern Illinois Panthers,,,,,1.392,3.15,BetUS,2025-01-16 18:04:10,
NCAAB,2025-01-16 20:30:00,Tenn-Martin Skyhawks,Eastern Illinois Panthers,,,,,1.4,3.05,DraftKings,2025-01-16 18:04:10,
NCAAB,2025-01-16 20:30:00,Tenn-Martin Skyhawks,Eastern Illinois Panthers,,,,,1.345,3.25,FanDuel,2025-01-16 18:04:10,
NCAAB,2025-01-16 20:30:00,Tenn-Martin Skyhawks,Eastern Illinois Panthers,,,,,1.4,3.0,BetMGM,2025-01-16 18:04:10,
NCAAB,2025-01-16 20:30:00,Tenn-Martin Skyhawks,Eastern Illinois Panthers,,,,,1.408,3.05,Bovada,2025-01-16 18:04:10,
NCAAB,2025-01-16 20:30:00,Tenn-Martin Skyhawks,Eastern Illinois Panthers,,,,,1.426,2.85,BetRivers,2025-01-16 18:04:10,
NCAAB,2025-01-16 20:30:00,Tennessee St Tigers,SIU-Edwardsville Cougars,,,,,1.833,2.0,BetOnline.ag,2025-01-16 18:04:10,
NCAAB,2025-01-16 20:30:00,Tennessee St Tigers,SIU-Edwardsville Cougars,,,,,1.833,2.0,LowVig.ag,2025-01-16 18:04:10,
NCAAB,2025-01-16 20:30:00,Tennessee St Tigers,SIU-Edwardsville Cougars,,,,,1.901,1.909,MyBookie.ag,2025-01-16 18:04:10,
NCAAB,2025-01-16 20:30:00,Tennessee St Tigers,SIU-Edwardsville Cougars,,,,,1.87,1.952,DraftKings,2025-01-16 18:04:10,
NCAAB,2025-01-16 20:30:00,Tennessee St Tigers,SIU-Edwardsville Cougars,,,,,1.909,1.909,FanDuel,2025-01-16 18:04:10,
NCAAB,2025-01-16 20:30:00,Tennessee St Tigers,SIU-Edwardsville Cougars,,,,,1.833,2.0,BetMGM,2025-01-16 18:04:10,
NCAAB,2025-01-16 20:30:00,Tennessee St Tigers,SIU-Edwardsville Cougars,,,,,1.909,1.909,Bovada,2025-01-16 18:04:10,
NCAAB,2025-01-16 20:30:00,Tennessee St Tigers,SIU-Edwardsville Cougars,,,,,1.833,1.971,BetRivers,2025-01-16 18:04:10,
NCAAB,2025-01-16 20:30:00,Tennessee Tech Golden Eagles,SE Missouri St Redhawks,,,,,1.8,2.05,BetOnline.ag,2025-01-16 18:04:10,
NCAAB,2025-01-16 20:30:00,Tennessee Tech Golden Eagles,SE Missouri St Redhawks,,,,,1.8,2.05,LowVig.ag,2025-01-16 18:04:10,
NCAAB,2025-01-16 20:30:00,Tennessee Tech Golden Eagles,SE Missouri St Redhawks,,,,,1.758,2.07,MyBookie.ag,2025-01-16 18:04:10,
NCAAB,2025-01-16 20:30:00,Tennessee Tech Golden Eagles,SE Missouri St Redhawks,,,,,1.8,2.05,BetUS,2025-01-16 18:04:10,
NCAAB,2025-01-16 20:30:00,Tennessee Tech Golden Eagles,SE Missouri St Redhawks,,,,,1.8,2.05,DraftKings,2025-01-16 18:04:10,
NCAAB,2025-01-16 20:30:00,Tennessee Tech Golden Eagles,SE Missouri St Redhawks,,,,,1.758,2.08,FanDuel,2025-01-16 18:04:10,
NCAAB,2025-01-16 20:30:00,Tennessee Tech Golden Eagles,SE Missouri St Redhawks,,,,,1.8,2.05,BetMGM,2025-01-16 18:04:10,
NCAAB,2025-01-16 20:30:00,Tennessee Tech Golden Eagles,SE Missouri St Redhawks,,,,,1.8,2.05,Caesars,2025-01-16 18:04:10,
NCAAB,2025-01-16 20:30:00,Tennessee Tech Golden Eagles,SE Missouri St Redhawks,,,,,1.8,2.05,Bovada,2025-01-16 18:04:10,
NCAAB,2025-01-16 20:30:00,Tennessee Tech Golden Eagles,SE Missouri St Redhawks,,,,,1.775,2.06,BetRivers,2025-01-16 18:04:10,
NCAAB,2025-01-16 21:00:00,Grand Canyon Antelopes,Abilene Christian Wildcats,,,,,1.071,9.25,BetOnline.ag,2025-01-16 18:04:10,
NCAAB,2025-01-16 21:00:00,Grand Canyon Antelopes,Abilene Christian Wildcats,,,,,1.071,9.25,LowVig.ag,2025-01-16 18:04:10,
NCAAB,2025-01-16 21:00:00,Grand Canyon Antelopes,Abilene Christian Wildcats,,,,,1.091,7.8,FanDuel,2025-01-16 18:04:10,
NCAAB,2025-01-16 21:00:00,Grand Canyon Antelopes,Abilene Christian Wildcats,,,,,1.07,8.54,MyBookie.ag,2025-01-16 18:04:10,
NCAAB,2025-01-16 21:00:00,Grand Canyon Antelopes,Abilene Christian Wildcats,,,,,1.083,8.5,DraftKings,2025-01-16 18:04:10,
NCAAB,2025-01-16 21:00:00,Grand Canyon Antelopes,Abilene Christian Wildcats,,,,,1.083,8.5,BetMGM,2025-01-16 18:04:10,
NCAAB,2025-01-16 21:00:00,Grand Canyon Antelopes,Abilene Christian Wildcats,,,,,1.071,9.25,BetUS,2025-01-16 18:04:10,
NCAAB,2025-01-16 21:00:00,Grand Canyon Antelopes,Abilene Christian Wildcats,,,,,1.091,8.0,Caesars,2025-01-16 18:04:10,
NCAAB,2025-01-16 21:00:00,Grand Canyon Antelopes,Abilene Christian Wildcats,,,,,1.083,8.0,Bovada,2025-01-16 18:04:10,
NCAAB,2025-01-16 21:00:00,Grand Canyon Antelopes,Abilene Christian Wildcats,,,,,1.09,7.5,BetRivers,2025-01-16 18:04:10,
NCAAB,2025-01-16 21:00:00,Idaho State Bengals,Montana St Bobcats,,,,,1.813,2.03,BetOnline.ag,2025-01-16 18:04:10,
NCAAB,2025-01-16 21:00:00,Idaho State Bengals,Montana St Bobcats,,,,,1.813,2.03,LowVig.ag,2025-01-16 18:04:10,
NCAAB,2025-01-16 21:00:00,Idaho State Bengals,Montana St Bobcats,,,,,1.787,2.04,MyBookie.ag,2025-01-16 18:04:10,
NCAAB,2025-01-16 21:00:00,Idaho State Bengals,Montana St Bobcats,,,,,1.833,2.0,FanDuel,2025-01-16 18:04:10,
NCAAB,2025-01-16 21:00:00,Idaho State Bengals,Montana St Bobcats,,,,,1.8,2.05,DraftKings,2025-01-16 18:04:10,
NCAAB,2025-01-16 21:00:00,Idaho State Bengals,Montana St Bobcats,,,,,1.8,2.05,BetMGM,2025-01-16 18:04:10,
NCAAB,2025-01-16 21:00:00,Idaho State Bengals,Montana St Bobcats,,,,,1.8,2.05,BetUS,2025-01-16 18:04:10,
NCAAB,2025-01-16 21:00:00,Idaho State Bengals,Montana St Bobcats,,,,,1.8,2.05,Caesars,2025-01-16 18:04:10,
NCAAB,2025-01-16 21:00:00,Idaho State Bengals,Montana St Bobcats,,,,,1.769,2.1,Bovada,2025-01-16 18:04:10,
NCAAB,2025-01-16 21:00:00,Idaho State Bengals,Montana St Bobcats,,,,,1.82,2.0,BetRivers,2025-01-16 18:04:10,
NCAAB,2025-01-16 21:00:00,Liberty Flames,UTEP Miners,,,,,1.25,4.2,BetOnline.ag,2025-01-16 18:04:10,
NCAAB,2025-01-16 21:00:00,Liberty Flames,UTEP Miners,,,,,1.25,4.2,LowVig.ag,2025-01-16 18:04:10,
NCAAB,2025-01-16 21:00:00,Liberty Flames,UTEP Miners,,,,,1.274,3.85,FanDuel,2025-01-16 18:04:10,
NCAAB,2025-01-16 21:00:00,Liberty Flames,UTEP Miners,,,,,1.24,4.1,MyBookie.ag,2025-01-16 18:04:10,
NCAAB,2025-01-16 21:00:00,Liberty Flames,UTEP Miners,,,,,1.263,4.0,DraftKings,2025-01-16 18:04:10,
NCAAB,2025-01-16 21:00:00,Liberty Flames,UTEP Miners,,,,,1.267,4.0,BetMGM,2025-01-16 18:04:10,
NCAAB,2025-01-16 21:00:00,Liberty Flames,UTEP Miners,,,,,1.268,3.98,BetUS,2025-01-16 18:04:10,
NCAAB,2025-01-16 21:00:00,Liberty Flames,UTEP Miners,,,,,1.25,4.1,Caesars,2025-01-16 18:04:10,
NCAAB,2025-01-16 21:00:00,Liberty Flames,UTEP Miners,,,,,1.256,3.95,Bovada,2025-01-16 18:04:10,
NCAAB,2025-01-16 21:00:00,Liberty Flames,UTEP Miners,,,,,1.267,3.9,BetRivers,2025-01-16 18:04:10,
NCAAB,2025-01-16 21:00:00,Nebraska Cornhuskers,Rutgers Scarlet Knights,,,,,1.25,4.2,BetOnline.ag,2025-01-16 18:04:10,
NCAAB,2025-01-16 21:00:00,Nebraska Cornhuskers,Rutgers Scarlet Knights,,,,,1.26,3.95,BetRivers,2025-01-16 18:04:10,
NCAAB,2025-01-16 21:00:00,Nebraska Cornhuskers,Rutgers Scarlet Knights,,,,,1.25,4.2,LowVig.ag,2025-01-16 18:04:10,
NCAAB,2025-01-16 21:00:00,Nebraska Cornhuskers,Rutgers Scarlet Knights,,,,,1.274,3.85,FanDuel,2025-01-16 18:04:10,
NCAAB,2025-01-16 21:00:00,Nebraska Cornhuskers,Rutgers Scarlet Knights,,,,,1.25,4.02,MyBookie.ag,2025-01-16 18:04:10,
NCAAB,2025-01-16 21:00:00,Nebraska Cornhuskers,Rutgers Scarlet Knights,,,,,1.253,4.1,DraftKings,2025-01-16 18:04:10,
NCAAB,2025-01-16 21:00:00,Nebraska Cornhuskers,Rutgers Scarlet Knights,,,,,1.25,4.1,BetMGM,2025-01-16 18:04:10,
NCAAB,2025-01-16 21:00:00,Nebraska Cornhuskers,Rutgers Scarlet Knights,,,,,1.25,4.2,BetUS,2025-01-16 18:04:10,
NCAAB,2025-01-16 21:00:00,Nebraska Cornhuskers,Rutgers Scarlet Knights,,,,,1.25,4.1,Caesars,2025-01-16 18:04:10,
NCAAB,2025-01-16 21:00:00,Nebraska Cornhuskers,Rutgers Scarlet Knights,,,,,1.238,4.15,Bovada,2025-01-16 18:04:10,
NCAAB,2025-01-16 21:00:00,Northwestern Wildcats,Maryland Terrapins,,,,,2.2,1.714,BetOnline.ag,2025-01-16 18:04:10,
NCAAB,2025-01-16 21:00:00,Northwestern Wildcats,Maryland Terrapins,,,,,2.18,1.699,BetRivers,2025-01-16 18:04:10,
NCAAB,2025-01-16 21:00:00,Northwestern Wildcats,Maryland Terrapins,,,,,2.2,1.714,LowVig.ag,2025-01-16 18:04:10,
NCAAB,2025-01-16 21:00:00,Northwestern Wildcats,Maryland Terrapins,,,,,2.04,1.8,FanDuel,2025-01-16 18:04:10,
NCAAB,2025-01-16 21:00:00,Northwestern Wildcats,Maryland Terrapins,,,,,2.2,1.68,MyBookie.ag,2025-01-16 18:04:10,
NCAAB,2025-01-16 21:00:00,Northwestern Wildcats,Maryland Terrapins,,,,,2.14,1.741,DraftKings,2025-01-16 18:04:10,
NCAAB,2025-01-16 21:00:00,Northwestern Wildcats,Maryland Terrapins,,,,,2.2,1.69,BetMGM,2025-01-16 18:04:10,
NCAAB,2025-01-16 21:00:00,Northwestern Wildcats,Maryland Terrapins,,,,,2.2,1.714,BetUS,2025-01-16 18:04:10,
NCAAB,2025-01-16 21:00:00,Northwestern Wildcats,Maryland Terrapins,,,,,2.18,1.714,Caesars,2025-01-16 18:04:10,
NCAAB,2025-01-16 21:00:00,Northwestern Wildcats,Maryland Terrapins,,,,,2.25,1.69,Bovada,2025-01-16 18:04:10,
NCAAB,2025-01-16 21:00:00,Weber State Wildcats,Montana Grizzlies,,,,,1.8,2.05,BetOnline.ag,2025-01-16 18:04:10,
NCAAB,2025-01-16 21:00:00,Weber State Wildcats,Montana Grizzlies,,,,,1.8,2.05,LowVig.ag,2025-01-16 18:04:10,
NCAAB,2025-01-16 21:00:00,Weber State Wildcats,Montana Grizzlies,,,,,1.758,2.1,FanDuel,2025-01-16 18:04:10,
NCAAB,2025-01-16 21:00:00,Weber State Wildcats,Montana Grizzlies,,,,,1.813,2.0,MyBookie.ag,2025-01-16 18:04:10,
NCAAB,2025-01-16 21:00:00,Weber State Wildcats,Montana Grizzlies,,,,,1.833,2.0,DraftKings,2025-01-16 18:04:10,
NCAAB,2025-01-16 21:00:00,Weber State Wildcats,Montana Grizzlies,,,,,1.833,2.0,BetMGM,2025-01-16 18:04:10,
NCAAB,2025-01-16 21:00:00,Weber State Wildcats,Montana Grizzlies,,,,,1.8,2.05,BetUS,2025-01-16 18:04:10,
NCAAB,2025-01-16 21:00:00,Weber State Wildcats,Montana Grizzlies,,,,,1.833,2.0,Caesars,2025-01-16 18:04:10,
NCAAB,2025-01-16 21:00:00,Weber State Wildcats,Montana Grizzlies,,,,,1.833,2.0,Bovada,2025-01-16 18:04:10,
NCAAB,2025-01-16 21:00:00,Weber State Wildcats,Montana Grizzlies,,,,,1.826,2.0,BetRivers,2025-01-16 18:04:10,
NCAAB,2025-01-16 22:00:00,Cal Poly Mustangs,UC Davis Aggies,,,,,1.465,2.85,BetOnline.ag,2025-01-16 18:04:10,
NCAAB,2025-01-16 22:00:00,Cal Poly Mustangs,UC Davis Aggies,,,,,1.465,2.85,LowVig.ag,2025-01-16 18:04:10,
NCAAB,2025-01-16 22:00:00,Cal Poly Mustangs,UC Davis Aggies,,,,,1.461,2.73,MyBookie.ag,2025-01-16 18:04:10,
NCAAB,2025-01-16 22:00:00,Cal Poly Mustangs,UC Davis Aggies,,,,,1.5,2.7,BetUS,2025-01-16 18:04:10,
NCAAB,2025-01-16 22:00:00,Cal Poly Mustangs,UC Davis Aggies,,,,,1.455,2.76,FanDuel,2025-01-16 18:04:10,
NCAAB,2025-01-16 22:00:00,Cal Poly Mustangs,UC Davis Aggies,,,,,1.459,2.8,DraftKings,2025-01-16 18:04:10,
NCAAB,2025-01-16 22:00:00,Cal Poly Mustangs,UC Davis Aggies,,,,,1.444,2.8,BetMGM,2025-01-16 18:04:10,
NCAAB,2025-01-16 22:00:00,Cal Poly Mustangs,UC Davis Aggies,,,,,1.513,2.62,Caesars,2025-01-16 18:04:10,
NCAAB,2025-01-16 22:00:00,Cal Poly Mustangs,UC Davis Aggies,,,,,1.455,2.8,Bovada,2025-01-16 18:04:10,
NCAAB,2025-01-16 22:00:00,Cal Poly Mustangs,UC Davis Aggies,,,,,1.5,2.63,BetRivers,2025-01-16 18:04:10,
NCAAB,2025-01-16 22:00:00,Long Beach St 49ers,UC San Diego Tritons,,,,,9.25,1.071,BetOnline.ag,2025-01-16 18:04:10,
NCAAB,2025-01-16 22:00:00,Long Beach St 49ers,UC San Diego Tritons,,,,,9.25,1.071,LowVig.ag,2025-01-16 18:04:10,
NCAAB,2025-01-16 22:00:00,Long Beach St 49ers,UC San Diego Tritons,,,,,9.8,1.05,MyBookie.ag,2025-01-16 18:04:10,
NCAAB,2025-01-16 22:00:00,Long Beach St 49ers,UC San Diego Tritons,,,,,9.25,1.071,BetUS,2025-01-16 18:04:10,
NCAAB,2025-01-16 22:00:00,Long Beach St 49ers,UC San Diego Tritons,,,,,10.2,1.05,FanDuel,2025-01-16 18:04:10,
NCAAB,2025-01-16 22:00:00,Long Beach St 49ers,UC San Diego Tritons,,,,,9.0,1.074,DraftKings,2025-01-16 18:04:10,
NCAAB,2025-01-16 22:00:00,Long Beach St 49ers,UC San Diego Tritons,,,,,9.0,1.071,BetMGM,2025-01-16 18:04:10,
NCAAB,2025-01-16 22:00:00,Long Beach St 49ers,UC San Diego Tritons,,,,,9.0,1.071,Caesars,2025-01-16 18:04:10,
NCAAB,2025-01-16 22:00:00,Long Beach St 49ers,UC San Diego Tritons,,,,,8.5,1.071,Bovada,2025-01-16 18:04:10,
NCAAB,2025-01-16 22:00:00,Long Beach St 49ers,UC San Diego Tritons,,,,,9.5,1.06,BetRivers,2025-01-16 18:04:10,
NCAAB,2025-01-16 22:00:00,Loyola Marymount Lions,Santa Clara Broncos,,,,,2.68,1.518,BetOnline.ag,2025-01-16 18:04:10,
NCAAB,2025-01-16 22:00:00,Loyola Marymount Lions,Santa Clara Broncos,,,,,2.68,1.518,LowVig.ag,2025-01-16 18:04:10,
NCAAB,2025-01-16 22:00:00,Loyola Marymount Lions,Santa Clara Broncos,,,,,2.7,1.469,MyBookie.ag,2025-01-16 18:04:10,
NCAAB,2025-01-16 22:00:00,Loyola Marymount Lions,Santa Clara Broncos,,,,,2.64,1.5,FanDuel,2025-01-16 18:04:10,
NCAAB,2025-01-16 22:00:00,Loyola Marymount Lions,Santa Clara Broncos,,,,,2.7,1.488,DraftKings,2025-01-16 18:04:10,
NCAAB,2025-01-16 22:00:00,Loyola Marymount Lions,Santa Clara Broncos,,,,,2.7,1.476,BetMGM,2025-01-16 18:04:10,
NCAAB,2025-01-16 22:00:00,Loyola Marymount Lions,Santa Clara Broncos,,,,,2.7,1.5,BetUS,2025-01-16 18:04:10,
NCAAB,2025-01-16 22:00:00,Loyola Marymount Lions,Santa Clara Broncos,,,,,2.7,1.488,Caesars,2025-01-16 18:04:10,
NCAAB,2025-01-16 22:00:00,Loyola Marymount Lions,Santa Clara Broncos,,,,,2.7,1.5,Bovada,2025-01-16 18:04:10,
NCAAB,2025-01-16 22:00:00,Loyola Marymount Lions,Santa Clara Broncos,,,,,2.6,1.5,BetRivers,2025-01-16 18:04:10,
NCAAB,2025-01-16 22:00:00,Pepperdine Waves,San Francisco Dons,,,,,3.4,1.351,BetOnline.ag,2025-01-16 18:04:10,
NCAAB,2025-01-16 22:00:00,Pepperdine Waves,San Francisco Dons,,,,,3.4,1.351,LowVig.ag,2025-01-16 18:04:10,
NCAAB,2025-01-16 22:00:00,Pepperdine Waves,San Francisco Dons,,,,,3.2,1.364,FanDuel,2025-01-16 18:04:10,
NCAAB,2025-01-16 22:00:00,Pepperdine Waves,San Francisco Dons,,,,,3.2,1.36,MyBookie.ag,2025-01-16 18:04:10,
NCAAB,2025-01-16 22:00:00,Pepperdine Waves,San Francisco Dons,,,,,3.25,1.36,DraftKings,2025-01-16 18:04:10,
NCAAB,2025-01-16 22:00:00,Pepperdine Waves,San Francisco Dons,,,,,3.3,1.364,BetMGM,2025-01-16 18:04:10,
NCAAB,2025-01-16 22:00:00,Pepperdine Waves,San Francisco Dons,,,,,3.38,1.351,BetUS,2025-01-16 18:04:10,
NCAAB,2025-01-16 22:00:00,Pepperdine Waves,San Francisco Dons,,,,,3.15,1.375,Caesars,2025-01-16 18:04:10,
NCAAB,2025-01-16 22:00:00,Pepperdine Waves,San Francisco Dons,,,,,3.4,1.345,Bovada,2025-01-16 18:04:10,
NCAAB,2025-01-16 22:00:00,Pepperdine Waves,San Francisco Dons,,,,,3.2,1.36,BetRivers,2025-01-16 18:04:10,
NCAAB,2025-01-16 22:00:00,Portland Pilots,Pacific Tigers,,,,,1.69,2.25,BetOnline.ag,2025-01-16 18:04:10,
NCAAB,2025-01-16 22:00:00,Portland Pilots,Pacific Tigers,,,,,1.69,2.25,LowVig.ag,2025-01-16 18:04:10,
NCAAB,2025-01-16 22:00:00,Portland Pilots,Pacific Tigers,,,,,1.676,2.24,DraftKings,2025-01-16 18:04:10,
NCAAB,2025-01-16 22:00:00,Portland Pilots,Pacific Tigers,,,,,1.68,2.19,MyBookie.ag,2025-01-16 18:04:10,
NCAAB,2025-01-16 22:00:00,Portland Pilots,Pacific Tigers,,,,,1.667,2.25,BetMGM,2025-01-16 18:04:10,
NCAAB,2025-01-16 22:00:00,Portland Pilots,Pacific Tigers,,,,,1.69,2.25,BetUS,2025-01-16 18:04:10,
NCAAB,2025-01-16 22:00:00,Portland Pilots,Pacific Tigers,,,,,1.676,2.2,FanDuel,2025-01-16 18:04:10,
NCAAB,2025-01-16 22:00:00,Portland Pilots,Pacific Tigers,,,,,1.69,2.22,Caesars,2025-01-16 18:04:10,
NCAAB,2025-01-16 22:00:00,Portland Pilots,Pacific Tigers,,,,,1.69,2.25,Bovada,2025-01-16 18:04:10,
NCAAB,2025-01-16 22:00:00,Portland Pilots,Pacific Tigers,,,,,1.676,2.2,BetRivers,2025-01-16 18:04:10,
NCAAB,2025-01-16 22:00:00,San Diego Toreros,Washington St Cougars,,,,,7.6,1.1,BetOnline.ag,2025-01-16 18:04:10,
NCAAB,2025-01-16 22:00:00,San Diego Toreros,Washington St Cougars,,,,,7.6,1.1,LowVig.ag,2025-01-16 18:04:10,
NCAAB,2025-01-16 22:00:00,San Diego Toreros,Washington St Cougars,,,,,6.91,1.1,MyBookie.ag,2025-01-16 18:04:10,
NCAAB,2025-01-16 22:00:00,San Diego Toreros,Washington St Cougars,,,,,6.5,1.122,FanDuel,2025-01-16 18:04:10,
NCAAB,2025-01-16 22:00:00,San Diego Toreros,Washington St Cougars,,,,,7.5,1.1,DraftKings,2025-01-16 18:04:10,
NCAAB,2025-01-16 22:00:00,San Diego Toreros,Washington St Cougars,,,,,7.25,1.1,BetMGM,2025-01-16 18:04:10,
NCAAB,2025-01-16 22:00:00,San Diego Toreros,Washington St Cougars,,,,,7.5,1.1,BetUS,2025-01-16 18:04:10,
NCAAB,2025-01-16 22:00:00,San Diego Toreros,Washington St Cougars,,,,,7.5,1.1,Caesars,2025-01-16 18:04:10,
NCAAB,2025-01-16 22:00:00,San Diego Toreros,Washington St Cougars,,,,,7.0,1.105,Bovada,2025-01-16 18:04:10,
NCAAB,2025-01-16 22:00:00,San Diego Toreros,Washington St Cougars,,,,,6.0,1.14,BetRivers,2025-01-16 18:04:10,
NCAAB,2025-01-16 22:00:00,Seattle Redhawks,Utah Tech Trailblazers,,,,,1.133,6.5,BetOnline.ag,2025-01-16 18:04:10,
NCAAB,2025-01-16 22:00:00,Seattle Redhawks,Utah Tech Trailblazers,,,,,1.133,6.5,LowVig.ag,2025-01-16 18:04:10,
NCAAB,2025-01-16 22:00:00,Seattle Redhawks,Utah Tech Trailblazers,,,,,1.11,6.57,MyBookie.ag,2025-01-16 18:04:10,
NCAAB,2025-01-16 22:00:00,Seattle Redhawks,Utah Tech Trailblazers,,,,,1.133,6.3,BetUS,2025-01-16 18:04:10,
NCAAB,2025-01-16 22:00:00,Seattle Redhawks,Utah Tech Trailblazers,,,,,1.143,5.7,FanDuel,2025-01-16 18:04:10,
NCAAB,2025-01-16 22:00:00,Seattle Redhawks,Utah Tech Trailblazers,,,,,1.133,6.25,DraftKings,2025-01-16 18:04:10,
NCAAB,2025-01-16 22:00:00,Seattle Redhawks,Utah Tech Trailblazers,,,,,1.133,6.25,BetMGM,2025-01-16 18:04:10,
NCAAB,2025-01-16 22:00:00,Seattle Redhawks,Utah Tech Trailblazers,,,,,1.125,6.5,Caesars,2025-01-16 18:04:10,
NCAAB,2025-01-16 22:00:00,Seattle Redhawks,Utah Tech Trailblazers,,,,,1.133,6.0,Bovada,2025-01-16 18:04:10,
NCAAB,2025-01-16 22:00:00,Seattle Redhawks,Utah Tech Trailblazers,,,,,1.12,6.4,BetRivers,2025-01-16 18:04:10,
NCAAB,2025-01-16 22:00:00,UC Irvine Anteaters,CSU Fullerton Titans,,,,,1.02,15.09,MyBookie.ag,2025-01-16 18:04:10,
NCAAB,2025-01-16 22:00:00,UC Irvine Anteaters,CSU Fullerton Titans,,,,,1.022,17.0,FanDuel,2025-01-16 18:04:10,
NCAAB,2025-01-16 22:00:00,UC Irvine Anteaters,CSU Fullerton Titans,,,,,1.031,15.0,DraftKings,2025-01-16 18:04:10,
NCAAB,2025-01-16 22:00:00,UC Irvine Anteaters,CSU Fullerton Titans,,,,,1.02,14.5,BetMGM,2025-01-16 18:04:10,
NCAAB,2025-01-16 22:00:00,UC Irvine Anteaters,CSU Fullerton Titans,,,,,1.022,13.5,Bovada,2025-01-16 18:04:10,
NCAAB,2025-01-16 22:00:00,UC Santa Barbara Gauchos,UC Riverside Highlanders,,,,,1.392,3.15,BetOnline.ag,2025-01-16 18:04:10,
NCAAB,2025-01-16 22:00:00,UC Santa Barbara Gauchos,UC Riverside Highlanders,,,,,1.392,3.15,LowVig.ag,2025-01-16 18:04:10,
NCAAB,2025-01-16 22:00:00,UC Santa Barbara Gauchos,UC Riverside Highlanders,,,,,1.35,3.23,MyBookie.ag,2025-01-16 18:04:10,
NCAAB,2025-01-16 22:00:00,UC Santa Barbara Gauchos,UC Riverside Highlanders,,,,,1.392,3.15,BetUS,2025-01-16 18:04:10,
NCAAB,2025-01-16 22:00:00,UC Santa Barbara Gauchos,UC Riverside Highlanders,,,,,1.388,3.1,DraftKings,2025-01-16 18:04:10,
NCAAB,2025-01-16 22:00:00,UC Santa Barbara Gauchos,UC Riverside Highlanders,,,,,1.333,3.35,FanDuel,2025-01-16 18:04:10,
NCAAB,2025-01-16 22:00:00,UC Santa Barbara Gauchos,UC Riverside Highlanders,,,,,1.364,3.2,BetMGM,2025-01-16 18:04:10,
NCAAB,2025-01-16 22:00:00,UC Santa Barbara Gauchos,UC Riverside Highlanders,,,,,1.385,3.1,Caesars,2025-01-16 18:04:10,
NCAAB,2025-01-16 22:00:00,UC Santa Barbara Gauchos,UC Riverside Highlanders,,,,,1.408,3.05,Bovada,2025-01-16 18:04:10,
NCAAB,2025-01-16 22:00:00,UC Santa Barbara Gauchos,UC Riverside Highlanders,,,,,1.377,3.1,BetRivers,2025-01-16 18:04:10,
NCAAB,2025-01-16 23:00:00,Oregon St Beavers,Gonzaga Bulldogs,,,,,4.85,1.211,BetOnline.ag,2025-01-16 18:04:10,
NCAAB,2025-01-16 23:00:00,Oregon St Beavers,Gonzaga Bulldogs,,,,,4.85,1.211,LowVig.ag,2025-01-16 18:04:10,
NCAAB,2025-01-16 23:00:00,Oregon St Beavers,Gonzaga Bulldogs,,,,,4.3,1.233,FanDuel,2025-01-16 18:04:10,
NCAAB,2025-01-16 23:00:00,Oregon St Beavers,Gonzaga Bulldogs,,,,,4.53,1.21,MyBookie.ag,2025-01-16 18:04:10,
NCAAB,2025-01-16 23:00:00,Oregon St Beavers,Gonzaga Bulldogs,,,,,4.7,1.206,DraftKings,2025-01-16 18:04:10,
NCAAB,2025-01-16 23:00:00,Oregon St Beavers,Gonzaga Bulldogs,,,,,4.3,1.238,BetUS,2025-01-16 18:04:10,
NCAAB,2025-01-16 23:00:00,Oregon St Beavers,Gonzaga Bulldogs,,,,,4.33,1.222,BetMGM,2025-01-16 18:04:10,
NCAAB,2025-01-16 23:00:00,Oregon St Beavers,Gonzaga Bulldogs,,,,,4.45,1.22,Caesars,2025-01-16 18:04:10,
NCAAB,2025-01-16 23:00:00,Oregon St Beavers,Gonzaga Bulldogs,,,,,4.7,1.196,Bovada,2025-01-16 18:04:10,
NCAAB,2025-01-16 23:00:00,Oregon St Beavers,Gonzaga Bulldogs,,,,,3.9,1.26,BetRivers,2025-01-16 18:04:10,
NCAAB,2025-01-16 23:59:00,Hawai'i Rainbow Warriors,CSU Northridge Matadors,,,,,1.645,2.35,BetOnline.ag,2025-01-16 18:04:10,
NCAAB,2025-01-16 23:59:00,Hawai'i Rainbow Warriors,CSU Northridge Matadors,,,,,1.645,2.35,LowVig.ag,2025-01-16 18:04:10,
NCAAB,2025-01-16 23:59:00,Hawai'i Rainbow Warriors,CSU Northridge Matadors,,,,,1.667,2.25,FanDuel,2025-01-16 18:04:10,
NCAAB,2025-01-16 23:59:00,Hawai'i Rainbow Warriors,CSU Northridge Matadors,,,,,1.69,2.18,MyBookie.ag,2025-01-16 18:04:10,
NCAAB,2025-01-16 23:59:00,Hawai'i Rainbow Warriors,CSU Northridge Matadors,,,,,1.645,2.3,DraftKings,2025-01-16 18:04:10,
NCAAB,2025-01-16 23:59:00,Hawai'i Rainbow Warriors,CSU Northridge Matadors,,,,,1.667,2.25,BetMGM,2025-01-16 18:04:10,
NCAAB,2025-01-16 23:59:00,Hawai'i Rainbow Warriors,CSU Northridge Matadors,,,,,1.645,2.34,BetUS,2025-01-16 18:04:10,
NCAAB,2025-01-16 23:59:00,Hawai'i Rainbow Warriors,CSU Northridge Matadors,,,,,1.645,2.3,Caesars,2025-01-16 18:04:10,
NCAAB,2025-01-16 23:59:00,Hawai'i Rainbow Warriors,CSU Northridge Matadors,,,,,1.625,2.35,Bovada,2025-01-16 18:04:10,
NCAAB,2025-01-16 23:59:00,Hawai'i Rainbow Warriors,CSU Northridge Matadors,,,,,1.699,2.18,BetRivers,2025-01-16 18:04:10,
NHL,2025-01-16 19:00:00,Columbus Blue Jackets,San Jose Sharks,,,,,1.565,2.43,BetRivers,2025-01-16 18:04:10,
NHL,2025-01-16 19:00:00,Columbus Blue Jackets,San Jose Sharks,,,,,1.541,2.54,DraftKings,2025-01-16 18:04:10,
NHL,2025-01-16 19:00:00,Columbus Blue Jackets,San Jose Sharks,,,,,1.549,2.5,FanDuel,2025-01-16 18:04:10,
NHL,2025-01-16 19:00:00,Columbus Blue Jackets,San Jose Sharks,,,,,1.571,2.56,BetOnline.ag,2025-01-16 18:04:10,
NHL,2025-01-16 19:00:00,Columbus Blue Jackets,San Jose Sharks,,,,,1.571,2.56,LowVig.ag,2025-01-16 18:04:10,
NHL,2025-01-16 19:00:00,Columbus Blue Jackets,San Jose Sharks,,,,,1.556,2.52,Caesars,2025-01-16 18:04:10,
NHL,2025-01-16 19:00:00,Columbus Blue Jackets,San Jose Sharks,,,,,1.571,2.45,BetMGM,2025-01-16 18:04:10,
NHL,2025-01-16 19:00:00,Columbus Blue Jackets,San Jose Sharks,,,,,1.556,2.55,BetUS,2025-01-16 18:04:10,
NHL,2025-01-16 19:00:00,Columbus Blue Jackets,San Jose Sharks,,,,,1.565,2.53,Bovada,2025-01-16 18:04:10,
NHL,2025-01-16 19:00:00,Florida Panthers,Detroit Red Wings,,,,,1.4,3.0,BetRivers,2025-01-16 18:04:10,
NHL,2025-01-16 19:00:00,Florida Panthers,Detroit Red Wings,,,,,1.377,3.15,DraftKings,2025-01-16 18:04:10,
NHL,2025-01-16 19:00:00,Florida Panthers,Detroit Red Wings,,,,,1.385,3.1,FanDuel,2025-01-16 18:04:10,
NHL,2025-01-16 19:00:00,Florida Panthers,Detroit Red Wings,,,,,1.385,3.29,LowVig.ag,2025-01-16 18:04:10,
NHL,2025-01-16 19:00:00,Florida Panthers,Detroit Red Wings,,,,,1.385,3.29,BetOnline.ag,2025-01-16 18:04:10,
NHL,2025-01-16 19:00:00,Florida Panthers,Detroit Red Wings,,,,,1.375,3.15,Caesars,2025-01-16 18:04:10,
NHL,2025-01-16 19:00:00,Florida Panthers,Detroit Red Wings,,,,,1.364,3.2,BetMGM,2025-01-16 18:04:10,
NHL,2025-01-16 19:00:00,Florida Panthers,Detroit Red Wings,,,,,1.385,3.18,BetUS,2025-01-16 18:04:10,
NHL,2025-01-16 19:00:00,Florida Panthers,Detroit Red Wings,,,,,1.37,3.2,Bovada,2025-01-16 18:04:10,
NHL,2025-01-16 19:00:00,Ottawa Senators,Washington Capitals,,,,,1.893,1.917,BetRivers,2025-01-16 18:04:10,
NHL,2025-01-16 19:00:00,Ottawa Senators,Washington Capitals,,,,,1.893,1.926,DraftKings,2025-01-16 18:04:10,
NHL,2025-01-16 19:00:00,Ottawa Senators,Washington Capitals,,,,,1.909,1.909,FanDuel,2025-01-16 18:04:10,
NHL,2025-01-16 19:00:00,Ottawa Senators,Washington Capitals,,,,,1.962,1.926,LowVig.ag,2025-01-16 18:04:10,
NHL,2025-01-16 19:00:00,Ottawa Senators,Washington Capitals,,,,,1.962,1.926,BetOnline.ag,2025-01-16 18:04:10,
NHL,2025-01-16 19:00:00,Ottawa Senators,Washington Capitals,,,,,1.952,1.87,Caesars,2025-01-16 18:04:10,
NHL,2025-01-16 19:00:00,Ottawa Senators,Washington Capitals,,,,,1.952,1.87,BetMGM,2025-01-16 18:04:10,
NHL,2025-01-16 19:00:00,Ottawa Senators,Washington Capitals,,,,,1.909,1.909,BetUS,2025-01-16 18:04:10,
NHL,2025-01-16 19:00:00,Ottawa Senators,Washington Capitals,,,,,1.926,1.893,Bovada,2025-01-16 18:04:10,
NHL,2025-01-16 19:00:00,Tampa Bay Lightning,Anaheim Ducks,,,,,1.317,3.5,BetRivers,2025-01-16 18:04:10,
NHL,2025-01-16 19:00:00,Tampa Bay Lightning,Anaheim Ducks,,,,,1.308,3.6,DraftKings,2025-01-16 18:04:10,
NHL,2025-01-16 19:00:00,Tampa Bay Lightning,Anaheim Ducks,,,,,1.312,3.55,FanDuel,2025-01-16 18:04:10,
NHL,2025-01-16 19:00:00,Tampa Bay Lightning,Anaheim Ducks,,,,,1.317,3.75,LowVig.ag,2025-01-16 18:04:10,
NHL,2025-01-16 19:00:00,Tampa Bay Lightning,Anaheim Ducks,,,,,1.317,3.75,BetOnline.ag,2025-01-16 18:04:10,
NHL,2025-01-16 19:00:00,Tampa Bay Lightning,Anaheim Ducks,,,,,1.299,3.6,Caesars,2025-01-16 18:04:10,
NHL,2025-01-16 19:00:00,Tampa Bay Lightning,Anaheim Ducks,,,,,1.286,3.75,BetMGM,2025-01-16 18:04:10,
NHL,2025-01-16 19:00:00,Tampa Bay Lightning,Anaheim Ducks,,,,,1.323,3.55,BetUS,2025-01-16 18:04:10,
NHL,2025-01-16 19:00:00,Tampa Bay Lightning,Anaheim Ducks,,,,,1.286,3.75,Bovada,2025-01-16 18:04:10,
NHL,2025-01-16 19:00:00,Toronto Maple Leafs,New Jersey Devils,,,,,2.1,1.746,BetRivers,2025-01-16 18:04:10,
NHL,2025-01-16 19:00:00,Toronto Maple Leafs,New Jersey Devils,,,,,2.1,1.769,DraftKings,2025-01-16 18:04:10,
NHL,2025-01-16 19:00:00,Toronto Maple Leafs,New Jersey Devils,,,,,2.06,1.781,FanDuel,2025-01-16 18:04:10,
NHL,2025-01-16 19:00:00,Toronto Maple Leafs,New Jersey Devils,,,,,2.16,1.769,LowVig.ag,2025-01-16 18:04:10,
NHL,2025-01-16 19:00:00,Toronto Maple Leafs,New Jersey Devils,,,,,2.16,1.769,BetOnline.ag,2025-01-16 18:04:10,
NHL,2025-01-16 19:00:00,Toronto Maple Leafs,New Jersey Devils,,,,,2.1,1.769,Caesars,2025-01-16 18:04:10,
NHL,2025-01-16 19:00:00,Toronto Maple Leafs,New Jersey Devils,,,,,2.1,1.769,BetMGM,2025-01-16 18:04:10,
NHL,2025-01-16 19:00:00,Toronto Maple Leafs,New Jersey Devils,,,,,2.1,1.769,BetUS,2025-01-16 18:04:10,
NHL,2025-01-16 19:00:00,Toronto Maple Leafs,New Jersey Devils,,,,,2.07,1.781,Bovada,2025-01-16 18:04:10,
NHL,2025-01-16 19:30:00,New York Islanders,Philadelphia Flyers,,,,,1.699,2.18,BetRivers,2025-01-16 18:04:10,
NHL,2025-01-16 19:30:00,New York Islanders,Philadelphia Flyers,,,,,1.704,2.2,DraftKings,2025-01-16 18:04:10,
NHL,2025-01-16 19:30:00,New York Islanders,Philadelphia Flyers,,,,,1.714,2.16,FanDuel,2025-01-16 18:04:10,
NHL,2025-01-16 19:30:00,New York Islanders,Philadelphia Flyers,,,,,1.735,2.21,LowVig.ag,2025-01-16 18:04:10,
NHL,2025-01-16 19:30:00,New York Islanders,Philadelphia Flyers,,,,,1.735,2.21,BetOnline.ag,2025-01-16 18:04:10,
NHL,2025-01-16 19:30:00,New York Islanders,Philadelphia Flyers,,,,,1.714,2.18,Caesars,2025-01-16 18:04:10,
NHL,2025-01-16 19:30:00,New York Islanders,Philadelphia Flyers,,,,,1.714,2.2,BetMGM,2025-01-16 18:04:10,
NHL,2025-01-16 19:30:00,New York Islanders,Philadelphia Flyers,,,,,1.714,2.2,BetUS,2025-01-16 18:04:10,
NHL,2025-01-16 19:30:00,New York Islanders,Philadelphia Flyers,,,,,1.741,2.15,Bovada,2025-01-16 18:04:10,
NHL,2025-01-16 20:00:00,Dallas Stars,Montral Canadiens,,,,,1.444,2.8,BetRivers,2025-01-16 18:04:10,
NHL,2025-01-16 20:00:00,Dallas Stars,Montral Canadiens,,,,,1.459,2.8,DraftKings,2025-01-16 18:04:10,
NHL,2025-01-16 20:00:00,Dallas Stars,Montral Canadiens,,,,,1.444,2.84,FanDuel,2025-01-16 18:04:10,
NHL,2025-01-16 20:00:00,Dallas Stars,Montral Canadiens,,,,,1.488,2.82,LowVig.ag,2025-01-16 18:04:10,
NHL,2025-01-16 20:00:00,Dallas Stars,Montral Canadiens,,,,,1.488,2.82,BetOnline.ag,2025-01-16 18:04:10,
NHL,2025-01-16 20:00:00,Dallas Stars,Montral Canadiens,,,,,1.455,2.8,Caesars,2025-01-16 18:04:10,
NHL,2025-01-16 20:00:00,Dallas Stars,Montral Canadiens,,,,,1.488,2.75,BetUS,2025-01-16 18:04:10,
NHL,2025-01-16 20:00:00,Dallas Stars,Montral Canadiens,,,,,1.476,2.7,BetMGM,2025-01-16 18:04:10,
NHL,2025-01-16 20:00:00,Dallas Stars,Montral Canadiens,,,,,1.444,2.85,Bovada,2025-01-16 18:04:10,
NHL,2025-01-16 20:00:00,Nashville Predators,Chicago Blackhawks,,,,,1.35,3.25,BetRivers,2025-01-16 18:04:10,
NHL,2025-01-16 20:00:00,Nashville Predators,Chicago Blackhawks,,,,,1.345,3.35,DraftKings,2025-01-16 18:04:10,
NHL,2025-01-16 20:00:00,Nashville Predators,Chicago Blackhawks,,,,,1.351,3.3,FanDuel,2025-01-16 18:04:10,
NHL,2025-01-16 20:00:00,Nashville Predators,Chicago Blackhawks,,,,,1.342,3.35,Caesars,2025-01-16 18:04:10,
NHL,2025-01-16 20:00:00,Nashville Predators,Chicago Blackhawks,,,,,1.364,3.41,LowVig.ag,2025-01-16 18:04:10,
NHL,2025-01-16 20:00:00,Nashville Predators,Chicago Blackhawks,,,,,1.364,3.41,BetOnline.ag,2025-01-16 18:04:10,
NHL,2025-01-16 20:00:00,Nashville Predators,Chicago Blackhawks,,,,,1.351,3.38,BetUS,2025-01-16 18:04:10,
NHL,2025-01-16 20:00:00,Nashville Predators,Chicago Blackhawks,,,,,1.333,3.4,BetMGM,2025-01-16 18:04:10,
NHL,2025-01-16 20:00:00,Nashville Predators,Chicago Blackhawks,,,,,1.333,3.5,Bovada,2025-01-16 18:04:10,
NHL,2025-01-16 20:00:00,St Louis Blues,Calgary Flames,,,,,1.719,2.15,BetRivers,2025-01-16 18:04:10,
NHL,2025-01-16 20:00:00,St Louis Blues,Calgary Flames,,,,,1.741,2.14,DraftKings,2025-01-16 18:04:10,
NHL,2025-01-16 20:00:00,St Louis Blues,Calgary Flames,,,,,1.73,2.14,FanDuel,2025-01-16 18:04:10,
NHL,2025-01-16 20:00:00,St Louis Blues,Calgary Flames,,,,,1.746,2.19,BetOnline.ag,2025-01-16 18:04:10,
NHL,2025-01-16 20:00:00,St Louis Blues,Calgary Flames,,,,,1.746,2.19,LowVig.ag,2025-01-16 18:04:10,
NHL,2025-01-16 20:00:00,St Louis Blues,Calgary Flames,,,,,1.714,2.18,Caesars,2025-01-16 18:04:10,
NHL,2025-01-16 20:00:00,St Louis Blues,Calgary Flames,,,,,1.769,2.1,BetUS,2025-01-16 18:04:10,
NHL,2025-01-16 20:00:00,St Louis Blues,Calgary Flames,,,,,1.741,2.15,BetMGM,2025-01-16 18:04:10,
NHL,2025-01-16 20:00:00,St Louis Blues,Calgary Flames,,,,,1.725,2.17,Bovada,2025-01-16 18:04:10,
NHL,2025-01-16 20:00:00,Winnipeg Jets,Seattle Kraken,,,,,1.435,2.8,BetRivers,2025-01-16 18:04:10,
NHL,2025-01-16 20:00:00,Winnipeg Jets,Seattle Kraken,,,,,1.444,2.85,DraftKings,2025-01-16 18:04:10,
NHL,2025-01-16 20:00:00,Winnipeg Jets,Seattle Kraken,,,,,1.426,2.9,FanDuel,2025-01-16 18:04:10,
NHL,2025-01-16 20:00:00,Winnipeg Jets,Seattle Kraken,,,,,1.465,2.91,LowVig.ag,2025-01-16 18:04:10,
NHL,2025-01-16 20:00:00,Winnipeg Jets,Seattle Kraken,,,,,1.465,2.91,BetOnline.ag,2025-01-16 18:04:10,
NHL,2025-01-16 20:00:00,Winnipeg Jets,Seattle Kraken,,,,,1.426,2.92,Caesars,2025-01-16 18:04:10,
NHL,2025-01-16 20:00:00,Winnipeg Jets,Seattle Kraken,,,,,1.444,2.85,BetMGM,2025-01-16 18:04:10,
NHL,2025-01-16 20:00:00,Winnipeg Jets,Seattle Kraken,,,,,1.455,2.85,BetUS,2025-01-16 18:04:10,
NHL,2025-01-16 20:00:00,Winnipeg Jets,Seattle Kraken,,,,,1.435,2.9,Bovada,2025-01-16 18:04:10,
NHL,2025-01-16 21:00:00,Utah Hockey Club,New York Rangers,,,,,1.952,1.855,BetRivers,2025-01-16 18:04:10,
NHL,2025-01-16 21:00:00,Utah Hockey Club,New York Rangers,,,,,1.98,1.847,DraftKings,2025-01-16 18:04:10,
NHL,2025-01-16 21:00:00,Utah Hockey Club,New York Rangers,,,,,1.943,1.885,FanDuel,2025-01-16 18:04:10,
NHL,2025-01-16 21:00:00,Utah Hockey Club,New York Rangers,,,,,1.99,1.901,LowVig.ag,2025-01-16 18:04:10,
NHL,2025-01-16 21:00:00,Utah Hockey Club,New York Rangers,,,,,1.99,1.901,BetOnline.ag,2025-01-16 18:04:10,
NHL,2025-01-16 21:00:00,Utah Hockey Club,New York Rangers,,,,,2.0,1.833,Caesars,2025-01-16 18:04:10,
NHL,2025-01-16 21:00:00,Utah Hockey Club,New York Rangers,,,,,1.952,1.87,BetUS,2025-01-16 18:04:10,
NHL,2025-01-16 21:00:00,Utah Hockey Club,New York Rangers,,,,,1.952,1.87,BetMGM,2025-01-16 18:04:10,
NHL,2025-01-16 21:00:00,Utah Hockey Club,New York Rangers,,,,,1.971,1.855,Bovada,2025-01-16 18:04:10,
NHL,2025-01-16 21:30:00,Colorado Avalanche,Edmonton Oilers,,,,,1.847,1.962,BetRivers,2025-01-16 18:04:10,
NHL,2025-01-16 21:30:00,Colorado Avalanche,Edmonton Oilers,,,,,1.847,1.98,DraftKings,2025-01-16 18:04:10,
NHL,2025-01-16 21:30:00,Colorado Avalanche,Edmonton Oilers,,,,,1.847,1.98,FanDuel,2025-01-16 18:04:10,
NHL,2025-01-16 21:30:00,Colorado Avalanche,Edmonton Oilers,,,,,1.833,2.0,Caesars,2025-01-16 18:04:10,
NHL,2025-01-16 21:30:00,Colorado Avalanche,Edmonton Oilers,,,,,1.87,1.952,BetMGM,2025-01-16 18:04:10,
NHL,2025-01-16 21:30:00,Colorado Avalanche,Edmonton Oilers,,,,,1.833,2.0,Bovada,2025-01-16 18:04:10,
NHL,2025-01-16 21:30:00,Colorado Avalanche,Edmonton Oilers,,,,,1.901,1.99,LowVig.ag,2025-01-16 18:04:10,
NHL,2025-01-16 21:30:00,Colorado Avalanche,Edmonton Oilers,,,,,1.901,1.99,BetOnline.ag,2025-01-16 18:04:10,
NHL,2025-01-16 21:30:00,Colorado Avalanche,Edmonton Oilers,,,,,1.87,1.952,BetUS,2025-01-16 18:04:10,
NHL,2025-01-16 22:00:00,Vancouver Canucks,Los Angeles Kings,,,,,1.87,1.943,BetRivers,2025-01-16 18:04:10,
NHL,2025-01-16 22:00:00,Vancouver Canucks,Los Angeles Kings,,,,,1.909,1.909,DraftKings,2025-01-16 18:04:10,
NHL,2025-01-16 22:00:00,Vancouver Canucks,Los Angeles Kings,,,,,1.943,1.885,FanDuel,2025-01-16 18:04:10,
NHL,2025-01-16 22:00:00,Vancouver Canucks,Los Angeles Kings,,,,,1.962,1.926,LowVig.ag,2025-01-16 18:04:10,
NHL,2025-01-16 22:00:00,Vancouver Canucks,Los Angeles Kings,,,,,1.962,1.926,BetOnline.ag,2025-01-16 18:04:10,
NHL,2025-01-16 22:00:00,Vancouver Canucks,Los Angeles Kings,,,,,1.952,1.87,Caesars,2025-01-16 18:04:10,
NHL,2025-01-16 22:00:00,Vancouver Canucks,Los Angeles Kings,,,,,1.952,1.87,BetUS,2025-01-16 18:04:10,
NHL,2025-01-16 22:00:00,Vancouver Canucks,Los Angeles Kings,,,,,1.909,1.909,BetMGM,2025-01-16 18:04:10,
NHL,2025-01-16 22:00:00,Vancouver Canucks,Los Angeles Kings,,,,,1.971,1.855,Bovada,2025-01-16 18:04:10,
Test Matches,2025-01-16 23:30:00,Pakistan,West Indies,,,,,1.26,6.5,BetRivers,2025-01-16 18:04:10,
Test Matches,2025-01-16 23:30:00,Pakistan,West Indies,,,,,1.278,6.5,DraftKings,2025-01-16 18:04:10,
WNCAAB,2025-01-16 18:00:00,Florida St Seminoles,Clemson Tigers,,,,,1.105,6.75,DraftKings,2025-01-16 18:04:10,
WNCAAB,2025-01-16 18:00:00,Florida St Seminoles,Clemson Tigers,,,,,1.105,6.9,FanDuel,2025-01-16 18:04:10,
WNCAAB,2025-01-16 18:00:00,Florida St Seminoles,Clemson Tigers,,,,,1.143,6.0,BetMGM,2025-01-16 18:04:10,
WNCAAB,2025-01-16 18:00:00,Florida St Seminoles,Clemson Tigers,,,,,1.09,6.5,BetRivers,2025-01-16 18:04:10,
WNCAAB,2025-01-16 18:00:00,Notre Dame Fighting Irish,Georgia Tech Yellow Jackets,,,,,1.04,12.0,DraftKings,2025-01-16 18:04:10,
WNCAAB,2025-01-16 18:00:00,Notre Dame Fighting Irish,Georgia Tech Yellow Jackets,,,,,1.029,10.2,FanDuel,2025-01-16 18:04:10,
WNCAAB,2025-01-16 18:00:00,Notre Dame Fighting Irish,Georgia Tech Yellow Jackets,,,,,1.05,9.0,BetMGM,2025-01-16 18:04:10,
WNCAAB,2025-01-16 18:00:00,Notre Dame Fighting Irish,Georgia Tech Yellow Jackets,,,,,1.01,9.5,BetRivers,2025-01-16 18:04:10,
WNCAAB,2025-01-16 18:00:00,Virginia Tech Hokies,Virginia Cavaliers,,,,,1.211,4.25,DraftKings,2025-01-16 18:04:10,
WNCAAB,2025-01-16 18:00:00,Virginia Tech Hokies,Virginia Cavaliers,,,,,1.154,5.4,FanDuel,2025-01-16 18:04:10,
WNCAAB,2025-01-16 18:00:00,Virginia Tech Hokies,Virginia Cavaliers,,,,,1.182,4.9,BetMGM,2025-01-16 18:04:10,
WNCAAB,2025-01-16 18:00:00,Virginia Tech Hokies,Virginia Cavaliers,,,,,1.14,5.3,BetRivers,2025-01-16 18:04:10,
WNCAAB,2025-01-16 18:00:00,Wake Forest Demon Deacons,Stanford Cardinal,,,,,6.5,1.109,DraftKings,2025-01-16 18:04:10,
WNCAAB,2025-01-16 18:00:00,Wake Forest Demon Deacons,Stanford Cardinal,,,,,7.0,1.111,BetMGM,2025-01-16 18:04:10,
WNCAAB,2025-01-16 18:00:00,Wake Forest Demon Deacons,Stanford Cardinal,,,,,6.0,1.11,BetRivers,2025-01-16 18:04:10,
WNCAAB,2025-01-16 19:00:00,Alabama Crimson Tide,South Carolina Gamecocks,,,,,13.0,1.042,DraftKings,2025-01-16 18:04:10,
WNCAAB,2025-01-16 19:00:00,Alabama Crimson Tide,South Carolina Gamecocks,,,,,14.0,1.022,FanDuel,2025-01-16 18:04:10,
WNCAAB,2025-01-16 19:00:00,Alabama Crimson Tide,South Carolina Gamecocks,,,,,9.0,1.071,BetMGM,2025-01-16 18:04:10,
WNCAAB,2025-01-16 19:00:00,Alabama Crimson Tide,South Carolina Gamecocks,,,,,7.0,1.08,BetRivers,2025-01-16 18:04:10,
WNCAAB,2025-01-16 19:00:00,Auburn Tigers,Texas Longhorns,,,,,26.0,1.011,DraftKings,2025-01-16 18:04:10,
WNCAAB,2025-01-16 19:00:00,Auburn Tigers,Texas Longhorns,,,,,26.0,1.01,FanDuel,2025-01-16 18:04:10,
WNCAAB,2025-01-16 19:00:00,Indiana Hoosiers,Illinois Fighting Illini,,,,,1.192,4.9,DraftKings,2025-01-16 18:04:10,
WNCAAB,2025-01-16 19:00:00,Indiana Hoosiers,Illinois Fighting Illini,,,,,1.154,5.4,FanDuel,2025-01-16 18:04:10,
WNCAAB,2025-01-16 19:00:00,Indiana Hoosiers,Illinois Fighting Illini,,,,,1.2,4.75,BetMGM,2025-01-16 18:04:10,
WNCAAB,2025-01-16 19:00:00,Iowa Hawkeyes,Nebraska Cornhuskers,,,,,1.294,3.7,DraftKings,2025-01-16 18:04:10,
WNCAAB,2025-01-16 19:00:00,Iowa Hawkeyes,Nebraska Cornhuskers,,,,,1.364,3.3,BetMGM,2025-01-16 18:04:10,
WNCAAB,2025-01-16 19:00:00,Oklahoma Sooners,Missouri Tigers,,,,,1.042,13.0,DraftKings,2025-01-16 18:04:10,
WNCAAB,2025-01-16 19:00:00,Oklahoma Sooners,Missouri Tigers,,,,,1.022,14.0,FanDuel,2025-01-16 18:04:10,
WNCAAB,2025-01-16 19:00:00,Oklahoma Sooners,Missouri Tigers,,,,,1.033,13.0,BetMGM,2025-01-16 18:04:10,
WNCAAB,2025-01-16 19:00:00,Tennessee Volunteers,Mississippi St Bulldogs,,,,,1.143,6.0,DraftKings,2025-01-16 18:04:10,
WNCAAB,2025-01-16 19:00:00,Tennessee Volunteers,Mississippi St Bulldogs,,,,,1.111,6.7,FanDuel,2025-01-16 18:04:10,
WNCAAB,2025-01-16 19:00:00,Tennessee Volunteers,Mississippi St Bulldogs,,,,,1.133,6.25,BetMGM,2025-01-16 18:04:10,
WNCAAB,2025-01-16 19:30:00,Kansas Jayhawks,Arizona St Sun Devils,,,,,1.16,5.55,DraftKings,2025-01-16 18:04:10,
WNCAAB,2025-01-16 19:30:00,Kansas Jayhawks,Arizona St Sun Devils,,,,,1.154,5.75,BetMGM,2025-01-16 18:04:10,
WNCAAB,2025-01-16 19:30:00,Kansas St Wildcats,Arizona Wildcats,,,,,1.005,36.0,DraftKings,2025-01-16 18:04:10,
WNCAAB,2025-01-16 19:30:00,Kansas St Wildcats,Arizona Wildcats,,,,,1.01,26.0,FanDuel,2025-01-16 18:04:10,
WNCAAB,2025-01-16 20:00:00,Duke Blue Devils,California Golden Bears,,,,,1.206,4.7,DraftKings,2025-01-16 18:04:10,
WNCAAB,2025-01-16 20:00:00,Duke Blue Devils,California Golden Bears,,,,,1.167,5.2,FanDuel,2025-01-16 18:04:10,
WNCAAB,2025-01-16 20:00:00,Duke Blue Devils,California Golden Bears,,,,,1.23,3.85,BetRivers,2025-01-16 18:04:10,
WNCAAB,2025-01-16 20:00:00,Duke Blue Devils,California Golden Bears,,,,,1.2,4.75,BetMGM,2025-01-16 18:04:10,
WNCAAB,2025-01-16 20:00:00,SMU Mustangs,North Carolina Tar Heels,,,,,9.5,1.069,DraftKings,2025-01-16 18:04:10,
WNCAAB,2025-01-16 20:00:00,SMU Mustangs,North Carolina Tar Heels,,,,,11.4,1.04,FanDuel,2025-01-16 18:04:10,
WNCAAB,2025-01-16 20:00:00,SMU Mustangs,North Carolina Tar Heels,,,,,9.0,1.071,BetMGM,2025-01-16 18:04:10,
WNCAAB,2025-01-16 20:00:00,Texas A&M Aggies,Georgia Bulldogs,,,,,1.36,3.25,DraftKings,2025-01-16 18:04:10,
WNCAAB,2025-01-16 20:00:00,Texas A&M Aggies,Georgia Bulldogs,,,,,1.364,3.3,BetMGM,2025-01-16 18:04:10,
WNCAAB,2025-01-16 21:00:00,Ole Miss Rebels,Florida Gators,,,,,1.125,6.5,DraftKings,2025-01-16 18:04:10,
WNCAAB,2025-01-16 21:00:00,Ole Miss Rebels,Florida Gators,,,,,1.133,6.25,BetMGM,2025-01-16 18:04:10,
WNCAAB,2025-01-16 21:00:00,Wisconsin Badgers,Ohio State Buckeyes,,,,,18.0,1.022,DraftKings,2025-01-16 18:04:10,
WNCAAB,2025-01-16 21:00:00,Wisconsin Badgers,Ohio State Buckeyes,,,,,19.0,1.012,FanDuel,2025-01-16 18:04:10,
WNCAAB,2025-01-16 21:00:00,Wisconsin Badgers,Ohio State Buckeyes,,,,,18.0,1.02,BetMGM,2025-01-16 18:04:10,
WTA Australian Open,2025-01-16 19:00:00,Anastasia Pavlyuchenkova,Laura Siegemund,,,,,1.556,2.5,Bovada,2025-01-16 18:04:10,
WTA Australian Open,2025-01-16 19:00:00,Anastasia Pavlyuchenkova,Laura Siegemund,,,,,1.541,2.4,DraftKings,2025-01-16 18:04:10,
WTA Australian Open,2025-01-16 19:00:00,Anastasia Pavlyuchenkova,Laura Siegemund,,,,,1.541,2.4,BetMGM,2025-01-16 18:04:10,
WTA Australian Open,2025-01-16 19:00:00,Anastasia Pavlyuchenkova,Laura Siegemund,,,,,1.538,2.48,BetRivers,2025-01-16 18:04:10,
WTA Australian Open,2025-01-16 19:00:00,Anastasia Pavlyuchenkova,Laura Siegemund,,,,,1.562,2.48,BetUS,2025-01-16 18:04:10,
WTA Australian Open,2025-01-16 19:00:00,Anastasia Pavlyuchenkova,Laura Siegemund,,,,,1.571,2.38,Caesars,2025-01-16 18:04:10,
WTA Australian Open,2025-01-16 19:00:00,Anastasia Pavlyuchenkova,Laura Siegemund,,,,,1.562,2.58,LowVig.ag,2025-01-16 18:04:10,
WTA Australian Open,2025-01-16 19:00:00,Anastasia Pavlyuchenkova,Laura Siegemund,,,,,1.562,2.58,BetOnline.ag,2025-01-16 18:04:10,
WTA Australian Open,2025-01-16 19:30:00,Aryna Sabalenka,Clara Tauson,,,,,1.1,7.5,BetRivers,2025-01-16 18:04:10,
WTA Australian Open,2025-01-16 19:30:00,Aryna Sabalenka,Clara Tauson,,,,,1.091,8.0,DraftKings,2025-01-16 18:04:10,
WTA Australian Open,2025-01-16 19:30:00,Aryna Sabalenka,Clara Tauson,,,,,1.1,7.4,FanDuel,2025-01-16 18:04:10,
WTA Australian Open,2025-01-16 19:30:00,Aryna Sabalenka,Clara Tauson,,,,,1.1,7.0,Caesars,2025-01-16 18:04:10,
WTA Australian Open,2025-01-16 19:30:00,Aryna Sabalenka,Clara Tauson,,,,,1.111,6.25,BetMGM,2025-01-16 18:04:10,
WTA Australian Open,2025-01-16 19:30:00,Aryna Sabalenka,Clara Tauson,,,,,1.091,7.5,Bovada,2025-01-16 18:04:10,
WTA Australian Open,2025-01-16 19:30:00,Aryna Sabalenka,Clara Tauson,,,,,1.096,7.41,BetUS,2025-01-16 18:04:10,
WTA Australian Open,2025-01-16 19:30:00,Aryna Sabalenka,Clara Tauson,,,,,1.105,7.5,LowVig.ag,2025-01-16 18:04:10,
WTA Australian Open,2025-01-16 19:30:00,Aryna Sabalenka,Clara Tauson,,,,,1.105,7.5,BetOnline.ag,2025-01-16 18:04:10,
WTA Australian Open,2025-01-16 19:30:00,Diana Shnaider,Donna Vekic,,,,,1.571,2.38,BetRivers,2025-01-16 18:04:10,
WTA Australian Open,2025-01-16 19:30:00,Diana Shnaider,Donna Vekic,,,,,1.581,2.42,FanDuel,2025-01-16 18:04:10,
WTA Australian Open,2025-01-16 19:30:00,Diana Shnaider,Donna Vekic,,,,,1.571,2.25,DraftKings,2025-01-16 18:04:10,
WTA Australian Open,2025-01-16 19:30:00,Diana Shnaider,Donna Vekic,,,,,1.571,2.38,Caesars,2025-01-16 18:04:10,
WTA Australian Open,2025-01-16 19:30:00,Diana Shnaider,Donna Vekic,,,,,1.606,2.35,Bovada,2025-01-16 18:04:10,
WTA Australian Open,2025-01-16 19:30:00,Diana Shnaider,Donna Vekic,,,,,1.625,2.4,LowVig.ag,2025-01-16 18:04:10,
WTA Australian Open,2025-01-16 19:30:00,Diana Shnaider,Donna Vekic,,,,,1.625,2.4,BetOnline.ag,2025-01-16 18:04:10,
WTA Australian Open,2025-01-16 19:30:00,Diana Shnaider,Donna Vekic,,,,,1.571,2.35,BetMGM,2025-01-16 18:04:10,
WTA Australian Open,2025-01-16 19:30:00,Diana Shnaider,Donna Vekic,,,,,1.606,2.35,BetUS,2025-01-16 18:04:10,
WTA Australian Open,2025-01-16 20:30:00,Paula Badosa,Marta Kostyuk,,,,,1.417,2.88,BetRivers,2025-01-16 18:04:10,
WTA Australian Open,2025-01-16 20:30:00,Paula Badosa,Marta Kostyuk,,,,,1.4,2.9,Caesars,2025-01-16 18:04:10,
WTA Australian Open,2025-01-16 20:30:00,Paula Badosa,Marta Kostyuk,,,,,1.333,3.15,DraftKings,2025-01-16 18:04:10,
WTA Australian Open,2025-01-16 20:30:00,Paula Badosa,Marta Kostyuk,,,,,1.408,2.98,FanDuel,2025-01-16 18:04:10,
WTA Australian Open,2025-01-16 20:30:00,Paula Badosa,Marta Kostyuk,,,,,1.422,2.97,LowVig.ag,2025-01-16 18:04:10,
WTA Australian Open,2025-01-16 20:30:00,Paula Badosa,Marta Kostyuk,,,,,1.422,2.97,BetOnline.ag,2025-01-16 18:04:10,
WTA Australian Open,2025-01-16 20:30:00,Paula Badosa,Marta Kostyuk,,,,,1.4,2.8,BetMGM,2025-01-16 18:04:10,
WTA Australian Open,2025-01-16 20:30:00,Paula Badosa,Marta Kostyuk,,,,,1.4,3.0,Bovada,2025-01-16 18:04:10,
WTA Australian Open,2025-01-16 20:30:00,Paula Badosa,Marta Kostyuk,,,,,1.426,2.95,BetUS,2025-01-16 18:04:10,
WTA Australian Open,2025-01-16 22:00:00,Magdalena Frech,Mirra Andreeva,,,,,5.0,1.174,DraftKings,2025-01-16 18:04:10,
WTA Australian Open,2025-01-16 22:00:00,Magdalena Frech,Mirra Andreeva,,,,,4.5,1.208,BetRivers,2025-01-16 18:04:10,
WTA Australian Open,2025-01-16 22:00:00,Magdalena Frech,Mirra Andreeva,,,,,5.4,1.164,FanDuel,2025-01-16 18:04:10,
WTA Australian Open,2025-01-16 22:00:00,Magdalena Frech,Mirra Andreeva,,,,,5.0,1.167,Caesars,2025-01-16 18:04:10,
WTA Australian Open,2025-01-16 22:00:00,Magdalena Frech,Mirra Andreeva,,,,,5.0,1.182,Bovada,2025-01-16 18:04:10,
WTA Australian Open,2025-01-16 22:00:00,Magdalena Frech,Mirra Andreeva,,,,,5.0,1.154,BetMGM,2025-01-16 18:04:10,
WTA Australian Open,2025-01-16 22:00:00,Magdalena Frech,Mirra Andreeva,,,,,5.15,1.192,LowVig.ag,2025-01-16 18:04:10,
WTA Australian Open,2025-01-16 22:00:00,Magdalena Frech,Mirra Andreeva,,,,,5.15,1.192,BetOnline.ag,2025-01-16 18:04:10,
